[
{
    "model": "auth.user",
    "pk": 8,
    "fields": {
        "password": "pbkdf2_sha256$30000$06Pt4s6XgY5h$pKAC05XglBrOj4rgJ+U1rESRqLnaRjclzVS7o1wJssA=",
        "last_login": "2016-12-03T02:15:25.231Z",
        "is_superuser": false,
        "username": "buffysummers",
        "first_name": "Buffy",
        "last_name": "Summers",
        "email": "buffy@sunnydale.edu",
        "is_staff": false,
        "is_active": true,
        "date_joined": "2016-11-16T03:05:55Z",
        "groups": [],
        "user_permissions": []
    }
},
{
    "model": "auth.user",
    "pk": 9,
    "fields": {
        "password": "pbkdf2_sha256$30000$0L7jsffzAcIy$TWVyJYug4SYXDqPjvHXYjapY3k4TPMBK8OqHarhlf4E=",
        "last_login": "2016-11-26T21:27:56.537Z",
        "is_superuser": false,
        "username": "thewitch",
        "first_name": "Willow",
        "last_name": "",
        "email": "",
        "is_staff": false,
        "is_active": true,
        "date_joined": "2016-11-16T03:06:40Z",
        "groups": [],
        "user_permissions": []
    }
},
{
    "model": "auth.user",
    "pk": 10,
    "fields": {
        "password": "pbkdf2_sha256$30000$ucOzdcdyXYhw$m3/GSGNnEDH3lR1XwaaKMiM/PDYHalevq7NEMRc+ejg=",
        "last_login": null,
        "is_superuser": false,
        "username": "giles",
        "first_name": "Rupert",
        "last_name": "Giles",
        "email": "",
        "is_staff": false,
        "is_active": true,
        "date_joined": "2016-11-16T03:07:03Z",
        "groups": [],
        "user_permissions": []
    }
},
{
    "model": "auth.user",
    "pk": 11,
    "fields": {
        "password": "pbkdf2_sha256$30000$KNI6whMWaoBn$MPQKByTbxHlGf9fsbymHZa941Jt2hpUGXCKgo+HCuJk=",
        "last_login": null,
        "is_superuser": false,
        "username": "5by5",
        "first_name": "Faith",
        "last_name": "Lehane",
        "email": "",
        "is_staff": false,
        "is_active": true,
        "date_joined": "2016-11-28T22:22:33Z",
        "groups": [],
        "user_permissions": []
    }
},
{
    "model": "auth.user",
    "pk": 12,
    "fields": {
        "password": "pbkdf2_sha256$30000$FUOFgZeeV23E$C5cPTWjOGa0uL2EwAuFS7HFTvgmmo+nqR0RQ9Jw6DDA=",
        "last_login": null,
        "is_superuser": false,
        "username": "tara_m",
        "first_name": "Tara",
        "last_name": "",
        "email": "",
        "is_staff": false,
        "is_active": true,
        "date_joined": "2016-11-28T22:23:30Z",
        "groups": [],
        "user_permissions": []
    }
},
{
    "model": "auth.user",
    "pk": 13,
    "fields": {
        "password": "pbkdf2_sha256$30000$9UKJjBtRpGx0$RW2H5bRgTGt4dWJBSkkEMD/GnnxVXptnUHfvdLz0+f0=",
        "last_login": null,
        "is_superuser": false,
        "username": "dru",
        "first_name": "Drusilla",
        "last_name": "",
        "email": "",
        "is_staff": false,
        "is_active": true,
        "date_joined": "2016-12-02T14:58:39Z",
        "groups": [],
        "user_permissions": []
    }
},
{
    "model": "auth.user",
    "pk": 14,
    "fields": {
        "password": "pbkdf2_sha256$30000$PRORrfnS2lz8$YQSVwqnLDtihtxFWOMTdcdyHgMv0S1XWjuT1rQzkTyY=",
        "last_login": "2016-12-07T23:55:05.329Z",
        "is_superuser": true,
        "username": "admin",
        "first_name": "",
        "last_name": "",
        "email": "shaunagm@gmail.com",
        "is_staff": true,
        "is_active": true,
        "date_joined": "2016-12-02T15:01:21Z",
        "groups": [],
        "user_permissions": []
    }
},
{
    "model": "sessions.session",
    "pk": "2pkofjprw50cbttjsmxcj0o826eb61g9",
    "fields": {
        "session_data": "Y2I4MGI3YmE4MDA3MTdiNzkxMTcxOGIxZjE5NzhjNDgxYTY5ODFhOTp7Il9hdXRoX3VzZXJfaGFzaCI6IjY4MjgzMmVhYTljNzAyOGQ2ZjY1MzJlYThiMGI2YjkyOThiYzZkNmQiLCJfYXV0aF91c2VyX2JhY2tlbmQiOiJkamFuZ28uY29udHJpYi5hdXRoLmJhY2tlbmRzLk1vZGVsQmFja2VuZCIsIl9hdXRoX3VzZXJfaWQiOiI4In0=",
        "expire_date": "2016-12-12T22:00:36.701Z"
    }
},
{
    "model": "sessions.session",
    "pk": "2w5404lo9o5mr3ci9sy09vwk3jvpktwj",
    "fields": {
        "session_data": "Y2I4MGI3YmE4MDA3MTdiNzkxMTcxOGIxZjE5NzhjNDgxYTY5ODFhOTp7Il9hdXRoX3VzZXJfaGFzaCI6IjY4MjgzMmVhYTljNzAyOGQ2ZjY1MzJlYThiMGI2YjkyOThiYzZkNmQiLCJfYXV0aF91c2VyX2JhY2tlbmQiOiJkamFuZ28uY29udHJpYi5hdXRoLmJhY2tlbmRzLk1vZGVsQmFja2VuZCIsIl9hdXRoX3VzZXJfaWQiOiI4In0=",
        "expire_date": "2016-12-12T22:02:42.433Z"
    }
},
{
    "model": "sessions.session",
    "pk": "6tt9nokqx0rpp24vy2lynn12duj2a23w",
    "fields": {
        "session_data": "Y2I4MGI3YmE4MDA3MTdiNzkxMTcxOGIxZjE5NzhjNDgxYTY5ODFhOTp7Il9hdXRoX3VzZXJfaGFzaCI6IjY4MjgzMmVhYTljNzAyOGQ2ZjY1MzJlYThiMGI2YjkyOThiYzZkNmQiLCJfYXV0aF91c2VyX2JhY2tlbmQiOiJkamFuZ28uY29udHJpYi5hdXRoLmJhY2tlbmRzLk1vZGVsQmFja2VuZCIsIl9hdXRoX3VzZXJfaWQiOiI4In0=",
        "expire_date": "2016-11-30T03:06:03.061Z"
    }
},
{
    "model": "sessions.session",
    "pk": "91qadni97cnj5a90ac4j7kh9uphxh857",
    "fields": {
        "session_data": "Y2I4MGI3YmE4MDA3MTdiNzkxMTcxOGIxZjE5NzhjNDgxYTY5ODFhOTp7Il9hdXRoX3VzZXJfaGFzaCI6IjY4MjgzMmVhYTljNzAyOGQ2ZjY1MzJlYThiMGI2YjkyOThiYzZkNmQiLCJfYXV0aF91c2VyX2JhY2tlbmQiOiJkamFuZ28uY29udHJpYi5hdXRoLmJhY2tlbmRzLk1vZGVsQmFja2VuZCIsIl9hdXRoX3VzZXJfaWQiOiI4In0=",
        "expire_date": "2016-12-12T22:02:18.508Z"
    }
},
{
    "model": "sessions.session",
    "pk": "bch8gs082hb57jp7qe7ffexqi7h3b9zt",
    "fields": {
        "session_data": "Y2I4MGI3YmE4MDA3MTdiNzkxMTcxOGIxZjE5NzhjNDgxYTY5ODFhOTp7Il9hdXRoX3VzZXJfaGFzaCI6IjY4MjgzMmVhYTljNzAyOGQ2ZjY1MzJlYThiMGI2YjkyOThiYzZkNmQiLCJfYXV0aF91c2VyX2JhY2tlbmQiOiJkamFuZ28uY29udHJpYi5hdXRoLmJhY2tlbmRzLk1vZGVsQmFja2VuZCIsIl9hdXRoX3VzZXJfaWQiOiI4In0=",
        "expire_date": "2016-12-12T22:06:55.395Z"
    }
},
{
    "model": "sessions.session",
    "pk": "bmwbyzwy2nc7osdqavs7ffyeypt9dgvy",
    "fields": {
        "session_data": "Y2I4MGI3YmE4MDA3MTdiNzkxMTcxOGIxZjE5NzhjNDgxYTY5ODFhOTp7Il9hdXRoX3VzZXJfaGFzaCI6IjY4MjgzMmVhYTljNzAyOGQ2ZjY1MzJlYThiMGI2YjkyOThiYzZkNmQiLCJfYXV0aF91c2VyX2JhY2tlbmQiOiJkamFuZ28uY29udHJpYi5hdXRoLmJhY2tlbmRzLk1vZGVsQmFja2VuZCIsIl9hdXRoX3VzZXJfaWQiOiI4In0=",
        "expire_date": "2016-12-12T22:03:58.997Z"
    }
},
{
    "model": "sessions.session",
    "pk": "cfd93293lj6u6mhzt9wea14ugtl0boqs",
    "fields": {
        "session_data": "MGFjOTJmYTAyZmVjNWExZjZhNmMwMWU3NjA2ZjcwNjBkMzlmNjdjNzp7Il9hdXRoX3VzZXJfaGFzaCI6IjliMTIwMjk2Zjg1NzE4ZTllYzhiYWI2ZWQyNThmNGJjZTY2ZGU4NzkiLCJfYXV0aF91c2VyX2JhY2tlbmQiOiJkamFuZ28uY29udHJpYi5hdXRoLmJhY2tlbmRzLk1vZGVsQmFja2VuZCIsIl9hdXRoX3VzZXJfaWQiOiIxNCJ9",
        "expire_date": "2016-12-17T04:41:13.121Z"
    }
},
{
    "model": "sessions.session",
    "pk": "jh9h8q9r8wrw0umnokbk1qsyfb5t9dij",
    "fields": {
        "session_data": "Y2I4MGI3YmE4MDA3MTdiNzkxMTcxOGIxZjE5NzhjNDgxYTY5ODFhOTp7Il9hdXRoX3VzZXJfaGFzaCI6IjY4MjgzMmVhYTljNzAyOGQ2ZjY1MzJlYThiMGI2YjkyOThiYzZkNmQiLCJfYXV0aF91c2VyX2JhY2tlbmQiOiJkamFuZ28uY29udHJpYi5hdXRoLmJhY2tlbmRzLk1vZGVsQmFja2VuZCIsIl9hdXRoX3VzZXJfaWQiOiI4In0=",
        "expire_date": "2016-12-16T15:11:37.498Z"
    }
},
{
    "model": "sessions.session",
    "pk": "kstroqt9w43iju4gshdcpvcbnmf9h641",
    "fields": {
        "session_data": "Y2I4MGI3YmE4MDA3MTdiNzkxMTcxOGIxZjE5NzhjNDgxYTY5ODFhOTp7Il9hdXRoX3VzZXJfaGFzaCI6IjY4MjgzMmVhYTljNzAyOGQ2ZjY1MzJlYThiMGI2YjkyOThiYzZkNmQiLCJfYXV0aF91c2VyX2JhY2tlbmQiOiJkamFuZ28uY29udHJpYi5hdXRoLmJhY2tlbmRzLk1vZGVsQmFja2VuZCIsIl9hdXRoX3VzZXJfaWQiOiI4In0=",
        "expire_date": "2016-12-12T21:52:52.695Z"
    }
},
{
    "model": "sessions.session",
    "pk": "uqnqhiydzur0huqouegxl3tp11rl8ri0",
    "fields": {
        "session_data": "Y2I4MGI3YmE4MDA3MTdiNzkxMTcxOGIxZjE5NzhjNDgxYTY5ODFhOTp7Il9hdXRoX3VzZXJfaGFzaCI6IjY4MjgzMmVhYTljNzAyOGQ2ZjY1MzJlYThiMGI2YjkyOThiYzZkNmQiLCJfYXV0aF91c2VyX2JhY2tlbmQiOiJkamFuZ28uY29udHJpYi5hdXRoLmJhY2tlbmRzLk1vZGVsQmFja2VuZCIsIl9hdXRoX3VzZXJfaWQiOiI4In0=",
        "expire_date": "2016-12-12T21:53:52.125Z"
    }
},
{
    "model": "sessions.session",
    "pk": "uz4vll5803v6rp8ej29i4kcz1syaurst",
    "fields": {
        "session_data": "Y2I4MGI3YmE4MDA3MTdiNzkxMTcxOGIxZjE5NzhjNDgxYTY5ODFhOTp7Il9hdXRoX3VzZXJfaGFzaCI6IjY4MjgzMmVhYTljNzAyOGQ2ZjY1MzJlYThiMGI2YjkyOThiYzZkNmQiLCJfYXV0aF91c2VyX2JhY2tlbmQiOiJkamFuZ28uY29udHJpYi5hdXRoLmJhY2tlbmRzLk1vZGVsQmFja2VuZCIsIl9hdXRoX3VzZXJfaWQiOiI4In0=",
        "expire_date": "2016-12-02T01:40:24.523Z"
    }
},
{
    "model": "sessions.session",
    "pk": "v5w4mm5ommk0nj7mq1fagv4trk7g4tvu",
    "fields": {
        "session_data": "MGFjOTJmYTAyZmVjNWExZjZhNmMwMWU3NjA2ZjcwNjBkMzlmNjdjNzp7Il9hdXRoX3VzZXJfaGFzaCI6IjliMTIwMjk2Zjg1NzE4ZTllYzhiYWI2ZWQyNThmNGJjZTY2ZGU4NzkiLCJfYXV0aF91c2VyX2JhY2tlbmQiOiJkamFuZ28uY29udHJpYi5hdXRoLmJhY2tlbmRzLk1vZGVsQmFja2VuZCIsIl9hdXRoX3VzZXJfaWQiOiIxNCJ9",
        "expire_date": "2016-12-21T23:55:05.338Z"
    }
},
{
    "model": "sessions.session",
    "pk": "yzwbjbu8mcqjij279110xh02r5bu5yxx",
    "fields": {
        "session_data": "Y2I4MGI3YmE4MDA3MTdiNzkxMTcxOGIxZjE5NzhjNDgxYTY5ODFhOTp7Il9hdXRoX3VzZXJfaGFzaCI6IjY4MjgzMmVhYTljNzAyOGQ2ZjY1MzJlYThiMGI2YjkyOThiYzZkNmQiLCJfYXV0aF91c2VyX2JhY2tlbmQiOiJkamFuZ28uY29udHJpYi5hdXRoLmJhY2tlbmRzLk1vZGVsQmFja2VuZCIsIl9hdXRoX3VzZXJfaWQiOiI4In0=",
        "expire_date": "2016-12-12T22:01:26.043Z"
    }
},
{
    "model": "sessions.session",
    "pk": "z3lkh5drpvmshv7le7qr2ipfcdaqjnu1",
    "fields": {
        "session_data": "Y2I4MGI3YmE4MDA3MTdiNzkxMTcxOGIxZjE5NzhjNDgxYTY5ODFhOTp7Il9hdXRoX3VzZXJfaGFzaCI6IjY4MjgzMmVhYTljNzAyOGQ2ZjY1MzJlYThiMGI2YjkyOThiYzZkNmQiLCJfYXV0aF91c2VyX2JhY2tlbmQiOiJkamFuZ28uY29udHJpYi5hdXRoLmJhY2tlbmRzLk1vZGVsQmFja2VuZCIsIl9hdXRoX3VzZXJfaWQiOiI4In0=",
        "expire_date": "2016-12-12T22:09:02.482Z"
    }
},
{
    "model": "sites.site",
    "pk": 1,
    "fields": {
        "domain": "example.com",
        "name": "example.com"
    }
},
{
    "model": "profiles.profile",
    "pk": 5,
    "fields": {
        "user": [
            "buffysummers"
        ],
        "verified": false,
        "description": null,
        "location": null,
        "links": null,
        "date_joined": "2016-11-22T04:14:02.912Z",
        "privacy": "inh"
    }
},
{
    "model": "profiles.profile",
    "pk": 6,
    "fields": {
        "user": [
            "thewitch"
        ],
        "verified": false,
        "description": "",
        "location": "Sunnydale, CA",
        "links": "",
        "date_joined": "2016-11-22T04:14:02Z",
        "privacy": "inh"
    }
},
{
    "model": "profiles.profile",
    "pk": 7,
    "fields": {
        "user": [
            "giles"
        ],
        "verified": false,
        "description": null,
        "location": null,
        "links": null,
        "date_joined": "2016-11-22T04:14:02.912Z",
        "privacy": "inh"
    }
},
{
    "model": "profiles.profile",
    "pk": 8,
    "fields": {
        "user": [
            "5by5"
        ],
        "verified": false,
        "description": null,
        "location": null,
        "links": null,
        "date_joined": "2016-11-28T22:22:33.956Z",
        "privacy": "inh"
    }
},
{
    "model": "profiles.profile",
    "pk": 9,
    "fields": {
        "user": [
            "tara_m"
        ],
        "verified": false,
        "description": null,
        "location": null,
        "links": null,
        "date_joined": "2016-11-28T22:23:30.382Z",
        "privacy": "inh"
    }
},
{
    "model": "profiles.profile",
    "pk": 10,
    "fields": {
        "user": [
            "dru"
        ],
        "verified": false,
        "description": null,
        "location": null,
        "links": null,
        "date_joined": "2016-12-02T14:58:39.472Z",
        "privacy": "inh"
    }
},
{
    "model": "profiles.profile",
    "pk": 11,
    "fields": {
        "user": [
            "admin"
        ],
        "verified": false,
        "description": null,
        "location": null,
        "links": null,
        "date_joined": "2016-12-02T15:01:21.108Z",
        "privacy": "inh"
    }
},
{
    "model": "profiles.relationship",
    "pk": 4,
    "fields": {
        "person_A": 6,
        "person_B": 5,
        "A_follows_B": true,
        "B_follows_A": true,
        "A_accountable_B": false,
        "B_accountable_A": false,
        "A_mutes_B": true,
        "B_mutes_A": false
    }
},
{
    "model": "profiles.relationship",
    "pk": 5,
    "fields": {
        "person_A": 7,
        "person_B": 5,
        "A_follows_B": true,
        "B_follows_A": true,
        "A_accountable_B": false,
        "B_accountable_A": false,
        "A_mutes_B": false,
        "B_mutes_A": false
    }
},
{
    "model": "profiles.relationship",
    "pk": 6,
    "fields": {
        "person_A": 5,
        "person_B": 8,
        "A_follows_B": false,
        "B_follows_A": true,
        "A_accountable_B": false,
        "B_accountable_A": false,
        "A_mutes_B": false,
        "B_mutes_A": false
    }
},
{
    "model": "profiles.relationship",
    "pk": 7,
    "fields": {
        "person_A": 5,
        "person_B": 9,
        "A_follows_B": true,
        "B_follows_A": false,
        "A_accountable_B": false,
        "B_accountable_A": false,
        "A_mutes_B": false,
        "B_mutes_A": false
    }
},
{
    "model": "profiles.privacydefaults",
    "pk": 5,
    "fields": {
        "profile": 5,
        "global_default": "sit"
    }
},
{
    "model": "profiles.privacydefaults",
    "pk": 6,
    "fields": {
        "profile": 6,
        "global_default": "sit"
    }
},
{
    "model": "profiles.privacydefaults",
    "pk": 7,
    "fields": {
        "profile": 7,
        "global_default": "pub"
    }
},
{
    "model": "profiles.privacydefaults",
    "pk": 8,
    "fields": {
        "profile": 8,
        "global_default": "pub"
    }
},
{
    "model": "profiles.privacydefaults",
    "pk": 9,
    "fields": {
        "profile": 9,
        "global_default": "sit"
    }
},
{
    "model": "profiles.privacydefaults",
    "pk": 10,
    "fields": {
        "profile": 10,
        "global_default": "sit"
    }
},
{
    "model": "profiles.privacydefaults",
    "pk": 11,
    "fields": {
        "profile": 11,
        "global_default": "sit"
    }
},
{
    "model": "profiles.profileactionrelationship",
    "pk": 15,
    "fields": {
        "profile": 6,
        "action": 9,
        "priority": "med",
        "status": "ace",
        "committed": false,
        "suggested_by": "[\"shauna\"]",
        "notes": null
    }
},
{
    "model": "profiles.profileactionrelationship",
    "pk": 17,
    "fields": {
        "profile": 6,
        "action": 11,
        "priority": "med",
        "status": "ace",
        "committed": false,
        "suggested_by": "",
        "notes": ""
    }
},
{
    "model": "profiles.profileactionrelationship",
    "pk": 18,
    "fields": {
        "profile": 7,
        "action": 9,
        "priority": "med",
        "status": "don",
        "committed": false,
        "suggested_by": "",
        "notes": ""
    }
},
{
    "model": "profiles.profileactionrelationship",
    "pk": 19,
    "fields": {
        "profile": 8,
        "action": 9,
        "priority": "med",
        "status": "sug",
        "committed": false,
        "suggested_by": "",
        "notes": ""
    }
},
{
    "model": "actions.actiontopic",
    "pk": 5,
    "fields": {
        "name": "Climate Change",
        "slug": "climate-change",
        "description": ""
    }
},
{
    "model": "actions.actiontopic",
    "pk": 6,
    "fields": {
        "name": "Supreme Court",
        "slug": "supreme-court",
        "description": ""
    }
},
{
    "model": "actions.actiontopic",
    "pk": 7,
    "fields": {
        "name": "Immigration",
        "slug": "immigration",
        "description": ""
    }
},
{
    "model": "actions.actiontype",
    "pk": 4,
    "fields": {
        "name": "Phone Campaign",
        "slug": "phone-campaign",
        "description": ""
    }
},
{
    "model": "actions.actiontype",
    "pk": 5,
    "fields": {
        "name": "Boycott",
        "slug": "boycott",
        "description": ""
    }
},
{
    "model": "actions.actiontype",
    "pk": 6,
    "fields": {
        "name": "Making Art",
        "slug": "art",
        "description": ""
    }
},
{
    "model": "actions.actiontype",
    "pk": 7,
    "fields": {
        "name": "Donation",
        "slug": "donation",
        "description": ""
    }
},
{
    "model": "actions.action",
    "pk": 9,
    "fields": {
        "slug": "denounce-bannon",
        "title": "Denounce Trump's proposed appointment of Steve Bannon",
        "creator": [
            "thewitch"
        ],
        "anonymize": false,
        "main_link": "www.fakelinktomoreinfo.com",
        "description": "Here's some instructions!",
        "privacy": "inh",
        "location": "",
        "status": "rea",
        "has_deadline": false,
        "deadline": null,
        "priority": "eme",
        "date_created": "2016-11-22T04:14:02Z",
        "actiontypes": [
            4
        ],
        "topics": []
    }
},
{
    "model": "actions.action",
    "pk": 10,
    "fields": {
        "slug": "petition-boston-sanctuary-city",
        "title": "Sign petition to make Boston a sanctuary city",
        "creator": [
            "buffysummers"
        ],
        "anonymize": false,
        "main_link": "",
        "description": "",
        "privacy": "pub",
        "location": "",
        "status": "rea",
        "has_deadline": false,
        "deadline": null,
        "priority": "hig",
        "date_created": "2016-11-25T04:14:02Z",
        "actiontypes": [
            4
        ],
        "topics": [
            7
        ]
    }
},
{
    "model": "actions.action",
    "pk": 11,
    "fields": {
        "slug": "donate-planned-parenthood",
        "title": "Donate to Planned Parenthood",
        "creator": [
            "giles"
        ],
        "anonymize": false,
        "main_link": "",
        "description": "",
        "privacy": "sit",
        "location": "",
        "status": "rea",
        "has_deadline": false,
        "deadline": null,
        "priority": "med",
        "date_created": "2016-11-23T04:14:02Z",
        "actiontypes": [
            7
        ],
        "topics": []
    }
},
{
    "model": "actions.action",
    "pk": 24,
    "fields": {
        "slug": "do-an-unproductive-thing",
        "title": "Do an unproductive thing",
        "creator": [
            "thewitch"
        ],
        "anonymize": false,
        "main_link": "",
        "description": "Do a thing!  Edited to say: actually we should probably not do this thing.",
        "privacy": "inh",
        "location": "",
        "status": "wit",
        "has_deadline": false,
        "deadline": null,
        "priority": "med",
        "date_created": "2016-12-02T14:52:20Z",
        "actiontypes": [
            7
        ],
        "topics": [
            6
        ]
    }
},
{
    "model": "actions.action",
    "pk": 25,
    "fields": {
        "slug": "join-the-site",
        "title": "Join the site",
        "creator": [
            "admin"
        ],
        "anonymize": true,
        "main_link": "",
        "description": "Let's see if this makes an activitystream update!?!?!!",
        "privacy": "inh",
        "location": "",
        "status": "rea",
        "has_deadline": false,
        "deadline": null,
        "priority": "low",
        "date_created": "2016-12-02T15:04:48Z",
        "actiontypes": [],
        "topics": []
    }
},
{
    "model": "actions.slate",
    "pk": 10,
    "fields": {
        "slug": "things-to-do-on-the-hellmouth",
        "title": "Things to do on the Hellmouth",
        "creator": [
            "buffysummers"
        ],
        "description": "Indescribable.",
        "status": "rea",
        "privacy": "inh",
        "date_created": "2016-11-28T22:26:42Z"
    }
},
{
    "model": "actions.slate",
    "pk": 11,
    "fields": {
        "slug": "how-to-prevent-an-apocalypse",
        "title": "How to prevent an apocalypse",
        "creator": [
            "giles"
        ],
        "description": "",
        "status": "rea",
        "privacy": "inh",
        "date_created": "2016-12-02T21:42:10Z"
    }
},
{
    "model": "actions.slate",
    "pk": 12,
    "fields": {
        "slug": "high-stakes-slate-of-actions",
        "title": "High stakes slate of actions",
        "creator": [
            "dru"
        ],
        "description": "",
        "status": "rea",
        "privacy": "pub",
        "date_created": "2016-12-02T21:43:05Z"
    }
},
{
    "model": "actions.slateactionrelationship",
    "pk": 31,
    "fields": {
        "slate": 10,
        "action": 9,
        "priority": "med",
        "status": "ace",
        "notes": ""
    }
},
{
    "model": "actions.slateactionrelationship",
    "pk": 32,
    "fields": {
        "slate": 10,
        "action": 11,
        "priority": "med",
        "status": "ace",
        "notes": ""
    }
},
{
    "model": "actions.slateactionrelationship",
    "pk": 33,
    "fields": {
        "slate": 12,
        "action": 25,
        "priority": "med",
        "status": "ace",
        "notes": ""
    }
},
{
    "model": "actions.slateactionrelationship",
    "pk": 34,
    "fields": {
        "slate": 12,
        "action": 10,
        "priority": "med",
        "status": "ace",
        "notes": ""
    }
},
{
    "model": "actions.slateactionrelationship",
    "pk": 35,
    "fields": {
        "slate": 12,
        "action": 11,
        "priority": "eme",
        "status": "ace",
        "notes": ""
    }
},
{
    "model": "notifications.notificationsettings",
    "pk": 1,
    "fields": {
        "user": [
            "buffysummers"
        ],
        "daily_action": true,
        "use_own_actions_if_exist": true,
        "weekly_summary": false,
        "if_followed": true,
        "if_actions_followed": true,
        "if_comments_on_my_actions": true,
        "if_my_actions_added_to_slate": true
    }
},
{
    "model": "notifications.notificationsettings",
    "pk": 2,
    "fields": {
        "user": [
            "giles"
        ],
        "daily_action": true,
        "use_own_actions_if_exist": true,
        "weekly_summary": false,
        "if_followed": true,
        "if_actions_followed": true,
        "if_comments_on_my_actions": true,
        "if_my_actions_added_to_slate": true
    }
},
{
    "model": "notifications.notificationsettings",
    "pk": 3,
    "fields": {
        "user": [
            "admin"
        ],
        "daily_action": true,
        "use_own_actions_if_exist": true,
        "weekly_summary": true,
        "if_followed": true,
        "if_actions_followed": true,
        "if_comments_on_my_actions": true,
        "if_my_actions_added_to_slate": true
    }
},
{
    "model": "notifications.notificationsettings",
    "pk": 5,
    "fields": {
        "user": [
            "thewitch"
        ],
        "daily_action": true,
        "use_own_actions_if_exist": true,
        "weekly_summary": false,
        "if_followed": true,
        "if_actions_followed": true,
        "if_comments_on_my_actions": true,
        "if_my_actions_added_to_slate": true
    }
},
{
    "model": "notifications.notificationsettings",
    "pk": 6,
    "fields": {
        "user": [
            "5by5"
        ],
        "daily_action": true,
        "use_own_actions_if_exist": true,
        "weekly_summary": false,
        "if_followed": true,
        "if_actions_followed": true,
        "if_comments_on_my_actions": true,
        "if_my_actions_added_to_slate": true
    }
},
{
    "model": "notifications.notificationsettings",
    "pk": 7,
    "fields": {
        "user": [
            "tara_m"
        ],
        "daily_action": true,
        "use_own_actions_if_exist": true,
        "weekly_summary": false,
        "if_followed": true,
        "if_actions_followed": true,
        "if_comments_on_my_actions": true,
        "if_my_actions_added_to_slate": true
    }
},
{
    "model": "notifications.notificationsettings",
    "pk": 8,
    "fields": {
        "user": [
            "dru"
        ],
        "daily_action": true,
        "use_own_actions_if_exist": true,
        "weekly_summary": false,
        "if_followed": true,
        "if_actions_followed": true,
        "if_comments_on_my_actions": true,
        "if_my_actions_added_to_slate": true
    }
},
{
    "model": "django_comments.comment",
    "pk": 19,
    "fields": {
        "content_type": [
            "actions",
            "action"
        ],
        "object_pk": "9",
        "site": [
            "example.com"
        ],
        "user": [
            "buffysummers"
        ],
        "user_name": "",
        "user_email": "",
        "user_url": "",
        "comment": "",
        "submit_date": "2016-12-08T01:00:27.057Z",
        "ip_address": null,
        "is_public": true,
        "is_removed": false
    }
},
{
    "model": "django_comments.comment",
    "pk": 20,
    "fields": {
        "content_type": [
            "actions",
            "action"
        ],
        "object_pk": "9",
        "site": [
            "example.com"
        ],
        "user": [
            "buffysummers"
        ],
        "user_name": "",
        "user_email": "",
        "user_url": "",
        "comment": "",
        "submit_date": "2016-12-08T01:01:28.230Z",
        "ip_address": null,
        "is_public": true,
        "is_removed": false
    }
},
{
    "model": "django_comments.comment",
    "pk": 21,
    "fields": {
        "content_type": [
            "actions",
            "action"
        ],
        "object_pk": "9",
        "site": [
            "example.com"
        ],
        "user": [
            "buffysummers"
        ],
        "user_name": "",
        "user_email": "",
        "user_url": "",
        "comment": "",
        "submit_date": "2016-12-08T01:01:40.923Z",
        "ip_address": null,
        "is_public": true,
        "is_removed": false
    }
},
{
    "model": "django_comments.comment",
    "pk": 22,
    "fields": {
        "content_type": [
            "actions",
            "action"
        ],
        "object_pk": "9",
        "site": [
            "example.com"
        ],
        "user": [
            "buffysummers"
        ],
        "user_name": "",
        "user_email": "",
        "user_url": "",
        "comment": "",
        "submit_date": "2016-12-08T01:02:37.094Z",
        "ip_address": null,
        "is_public": true,
        "is_removed": false
    }
},
{
    "model": "actstream.follow",
    "pk": 8,
    "fields": {
        "user": [
            "giles"
        ],
        "content_type": [
            "auth",
            "user"
        ],
        "object_id": "8",
        "actor_only": false,
        "started": "2016-12-03T05:09:24.983Z"
    }
},
{
    "model": "actstream.follow",
    "pk": 9,
    "fields": {
        "user": [
            "buffysummers"
        ],
        "content_type": [
            "auth",
            "user"
        ],
        "object_id": "10",
        "actor_only": false,
        "started": "2016-12-03T05:09:25.000Z"
    }
},
{
    "model": "actstream.follow",
    "pk": 10,
    "fields": {
        "user": [
            "thewitch"
        ],
        "content_type": [
            "auth",
            "user"
        ],
        "object_id": "8",
        "actor_only": false,
        "started": "2016-12-03T05:09:25.026Z"
    }
},
{
    "model": "actstream.follow",
    "pk": 11,
    "fields": {
        "user": [
            "buffysummers"
        ],
        "content_type": [
            "auth",
            "user"
        ],
        "object_id": "9",
        "actor_only": false,
        "started": "2016-12-03T05:09:25.039Z"
    }
},
{
    "model": "actstream.follow",
    "pk": 13,
    "fields": {
        "user": [
            "5by5"
        ],
        "content_type": [
            "auth",
            "user"
        ],
        "object_id": "8",
        "actor_only": false,
        "started": "2016-12-03T05:09:25.088Z"
    }
},
{
    "model": "actstream.follow",
    "pk": 15,
    "fields": {
        "user": [
            "buffysummers"
        ],
        "content_type": [
            "auth",
            "user"
        ],
        "object_id": "12",
        "actor_only": false,
        "started": "2016-12-03T05:09:25.116Z"
    }
},
{
    "model": "actstream.follow",
    "pk": 17,
    "fields": {
        "user": [
            "admin"
        ],
        "content_type": [
            "auth",
            "user"
        ],
        "object_id": "9",
        "actor_only": false,
        "started": "2016-12-03T05:09:25.164Z"
    }
},
{
    "model": "actstream.follow",
    "pk": 19,
    "fields": {
        "user": [
            "admin"
        ],
        "content_type": [
            "auth",
            "user"
        ],
        "object_id": "11",
        "actor_only": false,
        "started": "2016-12-03T05:09:25.215Z"
    }
},
{
    "model": "actstream.follow",
    "pk": 21,
    "fields": {
        "user": [
            "admin"
        ],
        "content_type": [
            "auth",
            "user"
        ],
        "object_id": "10",
        "actor_only": false,
        "started": "2016-12-03T05:09:25.257Z"
    }
},
{
    "model": "actstream.follow",
    "pk": 22,
    "fields": {
        "user": [
            "admin"
        ],
        "content_type": [
            "auth",
            "user"
        ],
        "object_id": "8",
        "actor_only": false,
        "started": "2016-12-03T05:09:25.290Z"
    }
},
{
    "model": "actstream.follow",
    "pk": 23,
    "fields": {
        "user": [
            "buffysummers"
        ],
        "content_type": [
            "auth",
            "user"
        ],
        "object_id": "14",
        "actor_only": false,
        "started": "2016-12-03T05:09:25.301Z"
    }
},
{
    "model": "actstream.action",
    "pk": 1,
    "fields": {
        "actor_content_type": [
            "actions",
            "action"
        ],
        "actor_object_id": "25",
        "verb": "was updated",
        "description": null,
        "target_content_type": null,
        "target_object_id": null,
        "action_object_content_type": null,
        "action_object_object_id": null,
        "timestamp": "2016-12-03T03:00:17.419Z",
        "public": true
    }
},
{
    "model": "actstream.action",
    "pk": 12,
    "fields": {
        "actor_content_type": [
            "auth",
            "user"
        ],
        "actor_object_id": "9",
        "verb": "started following",
        "description": null,
        "target_content_type": [
            "auth",
            "user"
        ],
        "target_object_id": "8",
        "action_object_content_type": null,
        "action_object_object_id": null,
        "timestamp": "2016-12-03T03:36:16.223Z",
        "public": true
    }
},
{
    "model": "actstream.action",
    "pk": 13,
    "fields": {
        "actor_content_type": [
            "auth",
            "user"
        ],
        "actor_object_id": "8",
        "verb": "started following",
        "description": null,
        "target_content_type": [
            "auth",
            "user"
        ],
        "target_object_id": "9",
        "action_object_content_type": null,
        "action_object_object_id": null,
        "timestamp": "2016-12-03T03:36:51.440Z",
        "public": true
    }
},
{
    "model": "actstream.action",
    "pk": 14,
    "fields": {
        "actor_content_type": [
            "auth",
            "user"
        ],
        "actor_object_id": "14",
        "verb": "started following",
        "description": null,
        "target_content_type": [
            "auth",
            "user"
        ],
        "target_object_id": "11",
        "action_object_content_type": null,
        "action_object_object_id": null,
        "timestamp": "2016-12-03T03:38:04.535Z",
        "public": true
    }
},
{
    "model": "actstream.action",
    "pk": 15,
    "fields": {
        "actor_content_type": [
            "auth",
            "user"
        ],
        "actor_object_id": "14",
        "verb": "started following",
        "description": null,
        "target_content_type": [
            "auth",
            "user"
        ],
        "target_object_id": "10",
        "action_object_content_type": null,
        "action_object_object_id": null,
        "timestamp": "2016-12-03T03:38:36.527Z",
        "public": true
    }
},
{
    "model": "actstream.action",
    "pk": 16,
    "fields": {
        "actor_content_type": [
            "auth",
            "user"
        ],
        "actor_object_id": "14",
        "verb": "started following",
        "description": null,
        "target_content_type": [
            "auth",
            "user"
        ],
        "target_object_id": "8",
        "action_object_content_type": null,
        "action_object_object_id": null,
        "timestamp": "2016-12-03T03:39:11.707Z",
        "public": true
    }
},
{
    "model": "actstream.action",
    "pk": 20,
    "fields": {
        "actor_content_type": [
            "auth",
            "user"
        ],
        "actor_object_id": "14",
        "verb": "created",
        "description": null,
        "target_content_type": null,
        "target_object_id": null,
        "action_object_content_type": null,
        "action_object_object_id": null,
        "timestamp": "2016-12-03T03:45:40.126Z",
        "public": true
    }
},
{
    "model": "actstream.action",
    "pk": 21,
    "fields": {
        "actor_content_type": [
            "auth",
            "user"
        ],
        "actor_object_id": "14",
        "verb": "updated",
        "description": null,
        "target_content_type": null,
        "target_object_id": null,
        "action_object_content_type": null,
        "action_object_object_id": null,
        "timestamp": "2016-12-03T03:45:40.134Z",
        "public": true
    }
},
{
    "model": "actstream.action",
    "pk": 32,
    "fields": {
        "actor_content_type": [
            "auth",
            "user"
        ],
        "actor_object_id": "8",
        "verb": "started following",
        "description": null,
        "target_content_type": [
            "auth",
            "user"
        ],
        "target_object_id": "14",
        "action_object_content_type": null,
        "action_object_object_id": null,
        "timestamp": "2016-12-03T04:04:38.534Z",
        "public": true
    }
},
{
    "model": "actstream.action",
    "pk": 37,
    "fields": {
        "actor_content_type": [
            "auth",
            "user"
        ],
        "actor_object_id": "14",
        "verb": "started following",
        "description": null,
        "target_content_type": [
            "auth",
            "user"
        ],
        "target_object_id": "8",
        "action_object_content_type": null,
        "action_object_object_id": null,
        "timestamp": "2016-12-03T04:07:29.982Z",
        "public": true
    }
},
{
    "model": "actstream.action",
    "pk": 52,
    "fields": {
        "actor_content_type": [
            "auth",
            "user"
        ],
        "actor_object_id": "10",
        "verb": "started following",
        "description": null,
        "target_content_type": [
            "auth",
            "user"
        ],
        "target_object_id": "8",
        "action_object_content_type": null,
        "action_object_object_id": null,
        "timestamp": "2016-12-03T05:09:24.987Z",
        "public": true
    }
},
{
    "model": "actstream.action",
    "pk": 53,
    "fields": {
        "actor_content_type": [
            "auth",
            "user"
        ],
        "actor_object_id": "8",
        "verb": "started following",
        "description": null,
        "target_content_type": [
            "auth",
            "user"
        ],
        "target_object_id": "10",
        "action_object_content_type": null,
        "action_object_object_id": null,
        "timestamp": "2016-12-03T05:09:25.003Z",
        "public": true
    }
},
{
    "model": "actstream.action",
    "pk": 54,
    "fields": {
        "actor_content_type": [
            "auth",
            "user"
        ],
        "actor_object_id": "9",
        "verb": "started following",
        "description": null,
        "target_content_type": [
            "auth",
            "user"
        ],
        "target_object_id": "8",
        "action_object_content_type": null,
        "action_object_object_id": null,
        "timestamp": "2016-12-03T05:09:25.030Z",
        "public": true
    }
},
{
    "model": "actstream.action",
    "pk": 55,
    "fields": {
        "actor_content_type": [
            "auth",
            "user"
        ],
        "actor_object_id": "8",
        "verb": "started following",
        "description": null,
        "target_content_type": [
            "auth",
            "user"
        ],
        "target_object_id": "9",
        "action_object_content_type": null,
        "action_object_object_id": null,
        "timestamp": "2016-12-03T05:09:25.046Z",
        "public": true
    }
},
{
    "model": "actstream.action",
    "pk": 56,
    "fields": {
        "actor_content_type": [
            "auth",
            "user"
        ],
        "actor_object_id": "8",
        "verb": "started following",
        "description": null,
        "target_content_type": [
            "auth",
            "user"
        ],
        "target_object_id": "11",
        "action_object_content_type": null,
        "action_object_object_id": null,
        "timestamp": "2016-12-03T05:09:25.068Z",
        "public": true
    }
},
{
    "model": "actstream.action",
    "pk": 57,
    "fields": {
        "actor_content_type": [
            "auth",
            "user"
        ],
        "actor_object_id": "11",
        "verb": "started following",
        "description": null,
        "target_content_type": [
            "auth",
            "user"
        ],
        "target_object_id": "8",
        "action_object_content_type": null,
        "action_object_object_id": null,
        "timestamp": "2016-12-03T05:09:25.092Z",
        "public": true
    }
},
{
    "model": "actstream.action",
    "pk": 58,
    "fields": {
        "actor_content_type": [
            "auth",
            "user"
        ],
        "actor_object_id": "12",
        "verb": "started following",
        "description": null,
        "target_content_type": [
            "auth",
            "user"
        ],
        "target_object_id": "8",
        "action_object_content_type": null,
        "action_object_object_id": null,
        "timestamp": "2016-12-03T05:09:25.109Z",
        "public": true
    }
},
{
    "model": "actstream.action",
    "pk": 59,
    "fields": {
        "actor_content_type": [
            "auth",
            "user"
        ],
        "actor_object_id": "8",
        "verb": "started following",
        "description": null,
        "target_content_type": [
            "auth",
            "user"
        ],
        "target_object_id": "12",
        "action_object_content_type": null,
        "action_object_object_id": null,
        "timestamp": "2016-12-03T05:09:25.121Z",
        "public": true
    }
},
{
    "model": "actstream.action",
    "pk": 60,
    "fields": {
        "actor_content_type": [
            "auth",
            "user"
        ],
        "actor_object_id": "9",
        "verb": "started following",
        "description": null,
        "target_content_type": [
            "auth",
            "user"
        ],
        "target_object_id": "14",
        "action_object_content_type": null,
        "action_object_object_id": null,
        "timestamp": "2016-12-03T05:09:25.157Z",
        "public": true
    }
},
{
    "model": "actstream.action",
    "pk": 61,
    "fields": {
        "actor_content_type": [
            "auth",
            "user"
        ],
        "actor_object_id": "14",
        "verb": "started following",
        "description": null,
        "target_content_type": [
            "auth",
            "user"
        ],
        "target_object_id": "9",
        "action_object_content_type": null,
        "action_object_object_id": null,
        "timestamp": "2016-12-03T05:09:25.166Z",
        "public": true
    }
},
{
    "model": "actstream.action",
    "pk": 62,
    "fields": {
        "actor_content_type": [
            "auth",
            "user"
        ],
        "actor_object_id": "11",
        "verb": "started following",
        "description": null,
        "target_content_type": [
            "auth",
            "user"
        ],
        "target_object_id": "14",
        "action_object_content_type": null,
        "action_object_object_id": null,
        "timestamp": "2016-12-03T05:09:25.202Z",
        "public": true
    }
},
{
    "model": "actstream.action",
    "pk": 63,
    "fields": {
        "actor_content_type": [
            "auth",
            "user"
        ],
        "actor_object_id": "14",
        "verb": "started following",
        "description": null,
        "target_content_type": [
            "auth",
            "user"
        ],
        "target_object_id": "11",
        "action_object_content_type": null,
        "action_object_object_id": null,
        "timestamp": "2016-12-03T05:09:25.221Z",
        "public": true
    }
},
{
    "model": "actstream.action",
    "pk": 64,
    "fields": {
        "actor_content_type": [
            "auth",
            "user"
        ],
        "actor_object_id": "10",
        "verb": "started following",
        "description": null,
        "target_content_type": [
            "auth",
            "user"
        ],
        "target_object_id": "14",
        "action_object_content_type": null,
        "action_object_object_id": null,
        "timestamp": "2016-12-03T05:09:25.250Z",
        "public": true
    }
},
{
    "model": "actstream.action",
    "pk": 65,
    "fields": {
        "actor_content_type": [
            "auth",
            "user"
        ],
        "actor_object_id": "14",
        "verb": "started following",
        "description": null,
        "target_content_type": [
            "auth",
            "user"
        ],
        "target_object_id": "10",
        "action_object_content_type": null,
        "action_object_object_id": null,
        "timestamp": "2016-12-03T05:09:25.260Z",
        "public": true
    }
},
{
    "model": "actstream.action",
    "pk": 66,
    "fields": {
        "actor_content_type": [
            "auth",
            "user"
        ],
        "actor_object_id": "14",
        "verb": "started following",
        "description": null,
        "target_content_type": [
            "auth",
            "user"
        ],
        "target_object_id": "8",
        "action_object_content_type": null,
        "action_object_object_id": null,
        "timestamp": "2016-12-03T05:09:25.292Z",
        "public": true
    }
},
{
    "model": "actstream.action",
    "pk": 67,
    "fields": {
        "actor_content_type": [
            "auth",
            "user"
        ],
        "actor_object_id": "8",
        "verb": "started following",
        "description": null,
        "target_content_type": [
            "auth",
            "user"
        ],
        "target_object_id": "14",
        "action_object_content_type": null,
        "action_object_object_id": null,
        "timestamp": "2016-12-03T05:09:25.306Z",
        "public": true
    }
},
{
    "model": "actstream.action",
    "pk": 68,
    "fields": {
        "actor_content_type": [
            "auth",
            "user"
        ],
        "actor_object_id": "13",
        "verb": "updated",
        "description": null,
        "target_content_type": [
            "actions",
            "slate"
        ],
        "target_object_id": "12",
        "action_object_content_type": null,
        "action_object_object_id": null,
        "timestamp": "2016-12-03T22:29:13.464Z",
        "public": true
    }
},
{
    "model": "actstream.action",
    "pk": 93,
    "fields": {
        "actor_content_type": [
            "auth",
            "user"
        ],
        "actor_object_id": "8",
        "verb": "commented on",
        "description": null,
        "target_content_type": [
            "actions",
            "action"
        ],
        "target_object_id": "9",
        "action_object_content_type": null,
        "action_object_object_id": null,
        "timestamp": "2016-12-08T01:02:37.103Z",
        "public": true
    }
},
{
    "model": "admin.logentry",
    "pk": 72,
    "fields": {
        "action_time": "2016-11-16T03:06:18.991Z",
        "user": [
            "buffysummers"
        ],
        "content_type": [
            "auth",
            "user"
        ],
        "object_id": "8",
        "object_repr": "buffysummers",
        "action_flag": 2,
        "change_message": "[{\"changed\": {\"fields\": [\"first_name\", \"last_name\"]}}]"
    }
},
{
    "model": "admin.logentry",
    "pk": 73,
    "fields": {
        "action_time": "2016-11-16T03:06:40.214Z",
        "user": [
            "buffysummers"
        ],
        "content_type": [
            "auth",
            "user"
        ],
        "object_id": "9",
        "object_repr": "thewitch",
        "action_flag": 1,
        "change_message": "[{\"added\": {}}]"
    }
},
{
    "model": "admin.logentry",
    "pk": 74,
    "fields": {
        "action_time": "2016-11-16T03:07:03.936Z",
        "user": [
            "buffysummers"
        ],
        "content_type": [
            "auth",
            "user"
        ],
        "object_id": "10",
        "object_repr": "giles",
        "action_flag": 1,
        "change_message": "[{\"added\": {}}]"
    }
},
{
    "model": "admin.logentry",
    "pk": 75,
    "fields": {
        "action_time": "2016-11-16T03:07:15.815Z",
        "user": [
            "buffysummers"
        ],
        "content_type": [
            "auth",
            "user"
        ],
        "object_id": "10",
        "object_repr": "giles",
        "action_flag": 2,
        "change_message": "[{\"changed\": {\"fields\": [\"first_name\", \"last_name\"]}}]"
    }
},
{
    "model": "admin.logentry",
    "pk": 76,
    "fields": {
        "action_time": "2016-11-16T03:07:28.526Z",
        "user": [
            "buffysummers"
        ],
        "content_type": [
            "auth",
            "user"
        ],
        "object_id": "9",
        "object_repr": "thewitch",
        "action_flag": 2,
        "change_message": "[{\"changed\": {\"fields\": [\"first_name\"]}}]"
    }
},
{
    "model": "admin.logentry",
    "pk": 77,
    "fields": {
        "action_time": "2016-11-16T03:07:51.713Z",
        "user": [
            "buffysummers"
        ],
        "content_type": [
            "actions",
            "actiontype"
        ],
        "object_id": "4",
        "object_repr": "Phone Campaign",
        "action_flag": 1,
        "change_message": "[{\"added\": {}}]"
    }
},
{
    "model": "admin.logentry",
    "pk": 78,
    "fields": {
        "action_time": "2016-11-16T03:08:01.709Z",
        "user": [
            "buffysummers"
        ],
        "content_type": [
            "actions",
            "actiontype"
        ],
        "object_id": "5",
        "object_repr": "Boycott",
        "action_flag": 1,
        "change_message": "[{\"added\": {}}]"
    }
},
{
    "model": "admin.logentry",
    "pk": 79,
    "fields": {
        "action_time": "2016-11-16T03:08:22.490Z",
        "user": [
            "buffysummers"
        ],
        "content_type": [
            "actions",
            "actiontype"
        ],
        "object_id": "6",
        "object_repr": "Making Art",
        "action_flag": 1,
        "change_message": "[{\"added\": {}}]"
    }
},
{
    "model": "admin.logentry",
    "pk": 80,
    "fields": {
        "action_time": "2016-11-16T03:08:36.105Z",
        "user": [
            "buffysummers"
        ],
        "content_type": [
            "actions",
            "actiontopic"
        ],
        "object_id": "5",
        "object_repr": "Climate Change",
        "action_flag": 1,
        "change_message": "[{\"added\": {}}]"
    }
},
{
    "model": "admin.logentry",
    "pk": 81,
    "fields": {
        "action_time": "2016-11-16T03:08:48.132Z",
        "user": [
            "buffysummers"
        ],
        "content_type": [
            "actions",
            "actiontopic"
        ],
        "object_id": "6",
        "object_repr": "Supreme Court",
        "action_flag": 1,
        "change_message": "[{\"added\": {}}]"
    }
},
{
    "model": "admin.logentry",
    "pk": 82,
    "fields": {
        "action_time": "2016-11-16T03:08:58.712Z",
        "user": [
            "buffysummers"
        ],
        "content_type": [
            "actions",
            "actiontopic"
        ],
        "object_id": "7",
        "object_repr": "Immigration",
        "action_flag": 1,
        "change_message": "[{\"added\": {}}]"
    }
},
{
    "model": "admin.logentry",
    "pk": 83,
    "fields": {
        "action_time": "2016-11-16T03:10:06.904Z",
        "user": [
            "buffysummers"
        ],
        "content_type": [
            "actions",
            "action"
        ],
        "object_id": "9",
        "object_repr": "denounce-bannon",
        "action_flag": 1,
        "change_message": "[{\"added\": {}}]"
    }
},
{
    "model": "admin.logentry",
    "pk": 84,
    "fields": {
        "action_time": "2016-11-16T03:10:32.800Z",
        "user": [
            "buffysummers"
        ],
        "content_type": [
            "actions",
            "action"
        ],
        "object_id": "9",
        "object_repr": "Denounce Trump's proposed appointment of Steve Bannon",
        "action_flag": 2,
        "change_message": "[{\"changed\": {\"fields\": [\"slug\", \"title\"]}}]"
    }
},
{
    "model": "admin.logentry",
    "pk": 85,
    "fields": {
        "action_time": "2016-11-16T03:11:16.898Z",
        "user": [
            "buffysummers"
        ],
        "content_type": [
            "actions",
            "action"
        ],
        "object_id": "10",
        "object_repr": "Sign petition to make Boston a sanctuary city",
        "action_flag": 1,
        "change_message": "[{\"added\": {}}]"
    }
},
{
    "model": "admin.logentry",
    "pk": 86,
    "fields": {
        "action_time": "2016-11-16T03:11:49.123Z",
        "user": [
            "buffysummers"
        ],
        "content_type": [
            "actions",
            "action"
        ],
        "object_id": "11",
        "object_repr": "Donate to Planned Parenthood",
        "action_flag": 1,
        "change_message": "[{\"added\": {}}]"
    }
},
{
    "model": "admin.logentry",
    "pk": 87,
    "fields": {
        "action_time": "2016-11-16T03:12:01.423Z",
        "user": [
            "buffysummers"
        ],
        "content_type": [
            "actions",
            "actiontype"
        ],
        "object_id": "7",
        "object_repr": "Donation",
        "action_flag": 1,
        "change_message": "[{\"added\": {}}]"
    }
},
{
    "model": "admin.logentry",
    "pk": 88,
    "fields": {
        "action_time": "2016-11-16T03:12:18.362Z",
        "user": [
            "buffysummers"
        ],
        "content_type": [
            "actions",
            "action"
        ],
        "object_id": "11",
        "object_repr": "Donate to Planned Parenthood",
        "action_flag": 2,
        "change_message": "[]"
    }
},
{
    "model": "admin.logentry",
    "pk": 89,
    "fields": {
        "action_time": "2016-11-16T03:13:01.638Z",
        "user": [
            "buffysummers"
        ],
        "content_type": [
            "actions",
            "slate"
        ],
        "object_id": "4",
        "object_repr": "november-saturday",
        "action_flag": 1,
        "change_message": "[{\"added\": {}}]"
    }
},
{
    "model": "admin.logentry",
    "pk": 90,
    "fields": {
        "action_time": "2016-11-16T03:13:16.824Z",
        "user": [
            "buffysummers"
        ],
        "content_type": [
            "actions",
            "slateactionrelationship"
        ],
        "object_id": "16",
        "object_repr": "SlateActionRelationship object",
        "action_flag": 1,
        "change_message": "[{\"added\": {}}]"
    }
},
{
    "model": "admin.logentry",
    "pk": 91,
    "fields": {
        "action_time": "2016-11-16T03:13:25.663Z",
        "user": [
            "buffysummers"
        ],
        "content_type": [
            "actions",
            "slateactionrelationship"
        ],
        "object_id": "17",
        "object_repr": "SlateActionRelationship object",
        "action_flag": 1,
        "change_message": "[{\"added\": {}}]"
    }
},
{
    "model": "admin.logentry",
    "pk": 92,
    "fields": {
        "action_time": "2016-11-16T03:13:33.840Z",
        "user": [
            "buffysummers"
        ],
        "content_type": [
            "actions",
            "slateactionrelationship"
        ],
        "object_id": "18",
        "object_repr": "SlateActionRelationship object",
        "action_flag": 1,
        "change_message": "[{\"added\": {}}]"
    }
},
{
    "model": "admin.logentry",
    "pk": 115,
    "fields": {
        "action_time": "2016-11-28T22:22:33.959Z",
        "user": [
            "buffysummers"
        ],
        "content_type": [
            "auth",
            "user"
        ],
        "object_id": "11",
        "object_repr": "5by5",
        "action_flag": 1,
        "change_message": "[{\"added\": {}}]"
    }
},
{
    "model": "admin.logentry",
    "pk": 116,
    "fields": {
        "action_time": "2016-11-28T22:22:43.900Z",
        "user": [
            "buffysummers"
        ],
        "content_type": [
            "auth",
            "user"
        ],
        "object_id": "11",
        "object_repr": "5by5",
        "action_flag": 2,
        "change_message": "[{\"changed\": {\"fields\": [\"first_name\", \"last_name\"]}}]"
    }
},
{
    "model": "admin.logentry",
    "pk": 117,
    "fields": {
        "action_time": "2016-11-28T22:23:30.384Z",
        "user": [
            "buffysummers"
        ],
        "content_type": [
            "auth",
            "user"
        ],
        "object_id": "12",
        "object_repr": "tara_m",
        "action_flag": 1,
        "change_message": "[{\"added\": {}}]"
    }
},
{
    "model": "admin.logentry",
    "pk": 118,
    "fields": {
        "action_time": "2016-11-28T22:23:45.340Z",
        "user": [
            "buffysummers"
        ],
        "content_type": [
            "auth",
            "user"
        ],
        "object_id": "12",
        "object_repr": "tara_m",
        "action_flag": 2,
        "change_message": "[{\"changed\": {\"fields\": [\"first_name\"]}}]"
    }
},
{
    "model": "admin.logentry",
    "pk": 119,
    "fields": {
        "action_time": "2016-11-28T22:24:08.410Z",
        "user": [
            "buffysummers"
        ],
        "content_type": [
            "profiles",
            "privacydefaults"
        ],
        "object_id": "8",
        "object_repr": "Privacy defaults for 5by5",
        "action_flag": 2,
        "change_message": "[{\"changed\": {\"fields\": [\"global_default\"]}}]"
    }
},
{
    "model": "admin.logentry",
    "pk": 120,
    "fields": {
        "action_time": "2016-11-28T22:24:14.154Z",
        "user": [
            "buffysummers"
        ],
        "content_type": [
            "profiles",
            "privacydefaults"
        ],
        "object_id": "7",
        "object_repr": "Privacy defaults for giles",
        "action_flag": 2,
        "change_message": "[{\"changed\": {\"fields\": [\"global_default\"]}}]"
    }
},
{
    "model": "admin.logentry",
    "pk": 121,
    "fields": {
        "action_time": "2016-11-28T22:25:23.417Z",
        "user": [
            "buffysummers"
        ],
        "content_type": [
            "profiles",
            "profileactionrelationship"
        ],
        "object_id": "17",
        "object_repr": "Relationship of profile thewitch and action Donate to Planned Parenthood",
        "action_flag": 1,
        "change_message": "[{\"added\": {}}]"
    }
},
{
    "model": "admin.logentry",
    "pk": 122,
    "fields": {
        "action_time": "2016-11-28T22:26:22.083Z",
        "user": [
            "buffysummers"
        ],
        "content_type": [
            "django_comments",
            "comment"
        ],
        "object_id": "8",
        "object_repr": "shauna: Another comment!...",
        "action_flag": 3,
        "change_message": ""
    }
},
{
    "model": "admin.logentry",
    "pk": 123,
    "fields": {
        "action_time": "2016-11-28T22:26:22.087Z",
        "user": [
            "buffysummers"
        ],
        "content_type": [
            "django_comments",
            "comment"
        ],
        "object_id": "7",
        "object_repr": "shauna: A comment!...",
        "action_flag": 3,
        "change_message": ""
    }
},
{
    "model": "admin.logentry",
    "pk": 124,
    "fields": {
        "action_time": "2016-11-28T22:26:22.090Z",
        "user": [
            "buffysummers"
        ],
        "content_type": [
            "django_comments",
            "comment"
        ],
        "object_id": "6",
        "object_repr": "shauna: I love slates....",
        "action_flag": 3,
        "change_message": ""
    }
},
{
    "model": "admin.logentry",
    "pk": 125,
    "fields": {
        "action_time": "2016-11-28T22:26:22.093Z",
        "user": [
            "buffysummers"
        ],
        "content_type": [
            "django_comments",
            "comment"
        ],
        "object_id": "5",
        "object_repr": "shauna: And here's another comment....",
        "action_flag": 3,
        "change_message": ""
    }
},
{
    "model": "admin.logentry",
    "pk": 126,
    "fields": {
        "action_time": "2016-11-28T22:26:22.096Z",
        "user": [
            "buffysummers"
        ],
        "content_type": [
            "django_comments",
            "comment"
        ],
        "object_id": "4",
        "object_repr": "shauna: I've got a comment yo....",
        "action_flag": 3,
        "change_message": ""
    }
},
{
    "model": "admin.logentry",
    "pk": 127,
    "fields": {
        "action_time": "2016-11-28T22:26:22.099Z",
        "user": [
            "buffysummers"
        ],
        "content_type": [
            "django_comments",
            "comment"
        ],
        "object_id": "3",
        "object_repr": "shauna: I've got a comment to say!...",
        "action_flag": 3,
        "change_message": ""
    }
},
{
    "model": "admin.logentry",
    "pk": 128,
    "fields": {
        "action_time": "2016-11-28T22:26:40.568Z",
        "user": [
            "buffysummers"
        ],
        "content_type": [
            "actions",
            "slate"
        ],
        "object_id": "4",
        "object_repr": "november-saturday",
        "action_flag": 3,
        "change_message": ""
    }
},
{
    "model": "admin.logentry",
    "pk": 129,
    "fields": {
        "action_time": "2016-11-28T22:27:15.389Z",
        "user": [
            "buffysummers"
        ],
        "content_type": [
            "actions",
            "slate"
        ],
        "object_id": "10",
        "object_repr": "things-to-do-on-the-hellmouth",
        "action_flag": 1,
        "change_message": "[{\"added\": {}}]"
    }
},
{
    "model": "admin.logentry",
    "pk": 130,
    "fields": {
        "action_time": "2016-11-28T22:27:28.384Z",
        "user": [
            "buffysummers"
        ],
        "content_type": [
            "actions",
            "slateactionrelationship"
        ],
        "object_id": "31",
        "object_repr": "Relationship of slate: things-to-do-on-the-hellmouth and action: Denounce Trump's proposed appointment of Steve Bannon ",
        "action_flag": 1,
        "change_message": "[{\"added\": {}}]"
    }
},
{
    "model": "admin.logentry",
    "pk": 131,
    "fields": {
        "action_time": "2016-11-28T22:27:35.695Z",
        "user": [
            "buffysummers"
        ],
        "content_type": [
            "actions",
            "slateactionrelationship"
        ],
        "object_id": "32",
        "object_repr": "Relationship of slate: things-to-do-on-the-hellmouth and action: Donate to Planned Parenthood ",
        "action_flag": 1,
        "change_message": "[{\"added\": {}}]"
    }
},
{
    "model": "admin.logentry",
    "pk": 132,
    "fields": {
        "action_time": "2016-12-02T14:51:58.696Z",
        "user": [
            "buffysummers"
        ],
        "content_type": [
            "actions",
            "action"
        ],
        "object_id": "11",
        "object_repr": "Donate to Planned Parenthood",
        "action_flag": 2,
        "change_message": "[{\"changed\": {\"fields\": [\"status\"]}}]"
    }
},
{
    "model": "admin.logentry",
    "pk": 133,
    "fields": {
        "action_time": "2016-12-02T14:55:55.450Z",
        "user": [
            "buffysummers"
        ],
        "content_type": [
            "actions",
            "action"
        ],
        "object_id": "24",
        "object_repr": "Do an unproductive thing",
        "action_flag": 1,
        "change_message": "[{\"added\": {}}]"
    }
},
{
    "model": "admin.logentry",
    "pk": 134,
    "fields": {
        "action_time": "2016-12-02T14:56:10.381Z",
        "user": [
            "buffysummers"
        ],
        "content_type": [
            "actions",
            "action"
        ],
        "object_id": "24",
        "object_repr": "Do an Unproductive Thing",
        "action_flag": 2,
        "change_message": "[{\"changed\": {\"fields\": [\"title\"]}}]"
    }
},
{
    "model": "admin.logentry",
    "pk": 135,
    "fields": {
        "action_time": "2016-12-02T14:56:27.089Z",
        "user": [
            "buffysummers"
        ],
        "content_type": [
            "actions",
            "action"
        ],
        "object_id": "24",
        "object_repr": "Do an unproductive thing",
        "action_flag": 2,
        "change_message": "[{\"changed\": {\"fields\": [\"title\"]}}]"
    }
},
{
    "model": "admin.logentry",
    "pk": 136,
    "fields": {
        "action_time": "2016-12-02T14:56:47.053Z",
        "user": [
            "buffysummers"
        ],
        "content_type": [
            "profiles",
            "relationship"
        ],
        "object_id": "5",
        "object_repr": "Relationship of : giles and buffysummers",
        "action_flag": 2,
        "change_message": "[{\"changed\": {\"fields\": [\"B_follows_A\"]}}]"
    }
},
{
    "model": "admin.logentry",
    "pk": 137,
    "fields": {
        "action_time": "2016-12-02T14:56:50.904Z",
        "user": [
            "buffysummers"
        ],
        "content_type": [
            "profiles",
            "relationship"
        ],
        "object_id": "4",
        "object_repr": "Relationship of : thewitch and buffysummers",
        "action_flag": 2,
        "change_message": "[]"
    }
},
{
    "model": "admin.logentry",
    "pk": 138,
    "fields": {
        "action_time": "2016-12-02T14:57:38.081Z",
        "user": [
            "buffysummers"
        ],
        "content_type": [
            "profiles",
            "relationship"
        ],
        "object_id": "6",
        "object_repr": "Relationship of : buffysummers and 5by5",
        "action_flag": 1,
        "change_message": "[{\"added\": {}}]"
    }
},
{
    "model": "admin.logentry",
    "pk": 139,
    "fields": {
        "action_time": "2016-12-02T14:57:52.153Z",
        "user": [
            "buffysummers"
        ],
        "content_type": [
            "profiles",
            "relationship"
        ],
        "object_id": "7",
        "object_repr": "Relationship of : buffysummers and tara_m",
        "action_flag": 1,
        "change_message": "[{\"added\": {}}]"
    }
},
{
    "model": "admin.logentry",
    "pk": 140,
    "fields": {
        "action_time": "2016-12-02T14:58:39.477Z",
        "user": [
            "buffysummers"
        ],
        "content_type": [
            "auth",
            "user"
        ],
        "object_id": "13",
        "object_repr": "dru",
        "action_flag": 1,
        "change_message": "[{\"added\": {}}]"
    }
},
{
    "model": "admin.logentry",
    "pk": 141,
    "fields": {
        "action_time": "2016-12-02T14:58:47.820Z",
        "user": [
            "buffysummers"
        ],
        "content_type": [
            "auth",
            "user"
        ],
        "object_id": "13",
        "object_repr": "dru",
        "action_flag": 2,
        "change_message": "[{\"changed\": {\"fields\": [\"first_name\"]}}]"
    }
},
{
    "model": "admin.logentry",
    "pk": 142,
    "fields": {
        "action_time": "2016-12-02T15:01:21.110Z",
        "user": [
            "buffysummers"
        ],
        "content_type": [
            "auth",
            "user"
        ],
        "object_id": "14",
        "object_repr": "admin",
        "action_flag": 1,
        "change_message": "[{\"added\": {}}]"
    }
},
{
    "model": "admin.logentry",
    "pk": 143,
    "fields": {
        "action_time": "2016-12-02T15:01:38.659Z",
        "user": [
            "buffysummers"
        ],
        "content_type": [
            "auth",
            "user"
        ],
        "object_id": "14",
        "object_repr": "admin",
        "action_flag": 2,
        "change_message": "[{\"changed\": {\"fields\": [\"is_staff\", \"is_superuser\"]}}]"
    }
},
{
    "model": "admin.logentry",
    "pk": 144,
    "fields": {
        "action_time": "2016-12-02T15:01:50.412Z",
        "user": [
            "buffysummers"
        ],
        "content_type": [
            "auth",
            "user"
        ],
        "object_id": "8",
        "object_repr": "buffysummers",
        "action_flag": 2,
        "change_message": "[{\"changed\": {\"fields\": [\"is_staff\", \"is_superuser\"]}}]"
    }
},
{
    "model": "admin.logentry",
    "pk": 145,
    "fields": {
        "action_time": "2016-12-02T15:05:08.630Z",
        "user": [
            "admin"
        ],
        "content_type": [
            "actions",
            "action"
        ],
        "object_id": "25",
        "object_repr": "Join the site",
        "action_flag": 1,
        "change_message": "[{\"added\": {}}]"
    }
},
{
    "model": "admin.logentry",
    "pk": 146,
    "fields": {
        "action_time": "2016-12-02T15:05:36.054Z",
        "user": [
            "admin"
        ],
        "content_type": [
            "actions",
            "action"
        ],
        "object_id": "9",
        "object_repr": "Denounce Trump's proposed appointment of Steve Bannon",
        "action_flag": 2,
        "change_message": "[{\"changed\": {\"fields\": [\"priority\"]}}]"
    }
},
{
    "model": "admin.logentry",
    "pk": 147,
    "fields": {
        "action_time": "2016-12-02T15:05:48.264Z",
        "user": [
            "admin"
        ],
        "content_type": [
            "actions",
            "action"
        ],
        "object_id": "10",
        "object_repr": "Sign petition to make Boston a sanctuary city",
        "action_flag": 2,
        "change_message": "[{\"changed\": {\"fields\": [\"priority\"]}}]"
    }
},
{
    "model": "admin.logentry",
    "pk": 148,
    "fields": {
        "action_time": "2016-12-02T15:06:06.969Z",
        "user": [
            "admin"
        ],
        "content_type": [
            "actions",
            "action"
        ],
        "object_id": "25",
        "object_repr": "Join the site",
        "action_flag": 2,
        "change_message": "[{\"changed\": {\"fields\": [\"priority\"]}}]"
    }
},
{
    "model": "admin.logentry",
    "pk": 149,
    "fields": {
        "action_time": "2016-12-02T15:18:27.166Z",
        "user": [
            "admin"
        ],
        "content_type": [
            "actions",
            "action"
        ],
        "object_id": "11",
        "object_repr": "Donate to Planned Parenthood",
        "action_flag": 2,
        "change_message": "[{\"changed\": {\"fields\": [\"date_created\"]}}]"
    }
},
{
    "model": "admin.logentry",
    "pk": 150,
    "fields": {
        "action_time": "2016-12-02T15:18:38.333Z",
        "user": [
            "admin"
        ],
        "content_type": [
            "actions",
            "action"
        ],
        "object_id": "10",
        "object_repr": "Sign petition to make Boston a sanctuary city",
        "action_flag": 2,
        "change_message": "[{\"changed\": {\"fields\": [\"date_created\"]}}]"
    }
},
{
    "model": "admin.logentry",
    "pk": 151,
    "fields": {
        "action_time": "2016-12-02T17:27:11.695Z",
        "user": [
            "admin"
        ],
        "content_type": [
            "actions",
            "action"
        ],
        "object_id": "11",
        "object_repr": "Donate to Planned Parenthood",
        "action_flag": 2,
        "change_message": "[{\"changed\": {\"fields\": [\"anonymize\"]}}]"
    }
},
{
    "model": "admin.logentry",
    "pk": 152,
    "fields": {
        "action_time": "2016-12-02T17:27:28.665Z",
        "user": [
            "admin"
        ],
        "content_type": [
            "actions",
            "action"
        ],
        "object_id": "9",
        "object_repr": "Denounce Trump's proposed appointment of Steve Bannon",
        "action_flag": 2,
        "change_message": "[{\"changed\": {\"fields\": [\"anonymize\"]}}]"
    }
},
{
    "model": "admin.logentry",
    "pk": 153,
    "fields": {
        "action_time": "2016-12-02T17:27:57.027Z",
        "user": [
            "admin"
        ],
        "content_type": [
            "actions",
            "action"
        ],
        "object_id": "11",
        "object_repr": "Donate to Planned Parenthood",
        "action_flag": 2,
        "change_message": "[{\"changed\": {\"fields\": [\"anonymize\"]}}]"
    }
},
{
    "model": "admin.logentry",
    "pk": 154,
    "fields": {
        "action_time": "2016-12-02T17:39:25.418Z",
        "user": [
            "admin"
        ],
        "content_type": [
            "profiles",
            "profileactionrelationship"
        ],
        "object_id": "18",
        "object_repr": "Relationship of profile giles and action Denounce Trump's proposed appointment of Steve Bannon",
        "action_flag": 1,
        "change_message": "[{\"added\": {}}]"
    }
},
{
    "model": "admin.logentry",
    "pk": 155,
    "fields": {
        "action_time": "2016-12-02T17:39:42.190Z",
        "user": [
            "admin"
        ],
        "content_type": [
            "profiles",
            "profileactionrelationship"
        ],
        "object_id": "19",
        "object_repr": "Relationship of profile 5by5 and action Denounce Trump's proposed appointment of Steve Bannon",
        "action_flag": 1,
        "change_message": "[{\"added\": {}}]"
    }
},
{
    "model": "admin.logentry",
    "pk": 156,
    "fields": {
        "action_time": "2016-12-02T21:42:53.227Z",
        "user": [
            "admin"
        ],
        "content_type": [
            "actions",
            "slate"
        ],
        "object_id": "11",
        "object_repr": "how-to-prevent-an-apocalypse",
        "action_flag": 1,
        "change_message": "[{\"added\": {}}]"
    }
},
{
    "model": "admin.logentry",
    "pk": 157,
    "fields": {
        "action_time": "2016-12-02T21:44:22.118Z",
        "user": [
            "admin"
        ],
        "content_type": [
            "actions",
            "slate"
        ],
        "object_id": "12",
        "object_repr": "high-stakes-slate-of-actions",
        "action_flag": 1,
        "change_message": "[{\"added\": {}}]"
    }
},
{
    "model": "admin.logentry",
    "pk": 158,
    "fields": {
        "action_time": "2016-12-02T21:57:40.301Z",
        "user": [
            "admin"
        ],
        "content_type": [
            "profiles",
            "profileactionrelationship"
        ],
        "object_id": "24",
        "object_repr": "Relationship of profile admin and action Donate to Planned Parenthood",
        "action_flag": 3,
        "change_message": ""
    }
},
{
    "model": "admin.logentry",
    "pk": 159,
    "fields": {
        "action_time": "2016-12-02T21:57:40.305Z",
        "user": [
            "admin"
        ],
        "content_type": [
            "profiles",
            "profileactionrelationship"
        ],
        "object_id": "23",
        "object_repr": "Relationship of profile admin and action Denounce Trump's proposed appointment of Steve Bannon",
        "action_flag": 3,
        "change_message": ""
    }
},
{
    "model": "admin.logentry",
    "pk": 160,
    "fields": {
        "action_time": "2016-12-02T22:05:58.467Z",
        "user": [
            "admin"
        ],
        "content_type": [
            "actions",
            "slate"
        ],
        "object_id": "10",
        "object_repr": "things-to-do-on-the-hellmouth",
        "action_flag": 2,
        "change_message": "[{\"changed\": {\"fields\": [\"description\"]}}]"
    }
},
{
    "model": "admin.logentry",
    "pk": 161,
    "fields": {
        "action_time": "2016-12-02T22:20:09.658Z",
        "user": [
            "admin"
        ],
        "content_type": [
            "actions",
            "slateactionrelationship"
        ],
        "object_id": "33",
        "object_repr": "Relationship of slate: high-stakes-slate-of-actions and action: Join the site ",
        "action_flag": 1,
        "change_message": "[{\"added\": {}}]"
    }
},
{
    "model": "admin.logentry",
    "pk": 162,
    "fields": {
        "action_time": "2016-12-02T22:20:16.690Z",
        "user": [
            "admin"
        ],
        "content_type": [
            "actions",
            "slateactionrelationship"
        ],
        "object_id": "34",
        "object_repr": "Relationship of slate: high-stakes-slate-of-actions and action: Sign petition to make Boston a sanctuary city ",
        "action_flag": 1,
        "change_message": "[{\"added\": {}}]"
    }
},
{
    "model": "admin.logentry",
    "pk": 163,
    "fields": {
        "action_time": "2016-12-02T22:45:07.227Z",
        "user": [
            "admin"
        ],
        "content_type": [
            "actions",
            "slateactionrelationship"
        ],
        "object_id": "35",
        "object_repr": "Relationship of slate: high-stakes-slate-of-actions and action: Donate to Planned Parenthood ",
        "action_flag": 1,
        "change_message": "[{\"added\": {}}]"
    }
},
{
    "model": "admin.logentry",
    "pk": 164,
    "fields": {
        "action_time": "2016-12-03T22:29:13.476Z",
        "user": [
            "admin"
        ],
        "content_type": [
            "actions",
            "slate"
        ],
        "object_id": "12",
        "object_repr": "High stakes slate of actions",
        "action_flag": 2,
        "change_message": "[{\"changed\": {\"fields\": [\"privacy\"]}}]"
    }
},
{
    "model": "admin.logentry",
    "pk": 165,
    "fields": {
        "action_time": "2016-12-07T18:34:34.087Z",
        "user": [
            "admin"
        ],
        "content_type": [
            "auth",
            "user"
        ],
        "object_id": "15",
        "object_repr": "newtest",
        "action_flag": 1,
        "change_message": "[{\"added\": {}}]"
    }
},
{
    "model": "admin.logentry",
    "pk": 166,
    "fields": {
        "action_time": "2016-12-07T18:34:47.549Z",
        "user": [
            "admin"
        ],
        "content_type": [
            "auth",
            "user"
        ],
        "object_id": "14",
        "object_repr": "admin",
        "action_flag": 2,
        "change_message": "[{\"changed\": {\"fields\": [\"email\"]}}]"
    }
},
{
    "model": "admin.logentry",
    "pk": 167,
    "fields": {
        "action_time": "2016-12-07T23:55:33.485Z",
        "user": [
            "admin"
        ],
        "content_type": [
            "actions",
            "action"
        ],
        "object_id": "36",
        "object_repr": "Aheh",
        "action_flag": 3,
        "change_message": ""
    }
},
{
    "model": "admin.logentry",
    "pk": 168,
    "fields": {
        "action_time": "2016-12-07T23:55:33.491Z",
        "user": [
            "admin"
        ],
        "content_type": [
            "actions",
            "action"
        ],
        "object_id": "35",
        "object_repr": "Timely no?",
        "action_flag": 3,
        "change_message": ""
    }
},
{
    "model": "admin.logentry",
    "pk": 169,
    "fields": {
        "action_time": "2016-12-07T23:55:33.495Z",
        "user": [
            "admin"
        ],
        "content_type": [
            "actions",
            "action"
        ],
        "object_id": "34",
        "object_repr": "WOWEW",
        "action_flag": 3,
        "change_message": ""
    }
},
{
    "model": "admin.logentry",
    "pk": 170,
    "fields": {
        "action_time": "2016-12-07T23:55:33.498Z",
        "user": [
            "admin"
        ],
        "content_type": [
            "actions",
            "action"
        ],
        "object_id": "33",
        "object_repr": "Why duplicate?",
        "action_flag": 3,
        "change_message": ""
    }
},
{
    "model": "admin.logentry",
    "pk": 171,
    "fields": {
        "action_time": "2016-12-07T23:55:33.500Z",
        "user": [
            "admin"
        ],
        "content_type": [
            "actions",
            "action"
        ],
        "object_id": "32",
        "object_repr": "AHAHHAA",
        "action_flag": 3,
        "change_message": ""
    }
},
{
    "model": "admin.logentry",
    "pk": 172,
    "fields": {
        "action_time": "2016-12-07T23:55:33.503Z",
        "user": [
            "admin"
        ],
        "content_type": [
            "actions",
            "action"
        ],
        "object_id": "31",
        "object_repr": "OH CAY",
        "action_flag": 3,
        "change_message": ""
    }
},
{
    "model": "admin.logentry",
    "pk": 173,
    "fields": {
        "action_time": "2016-12-07T23:55:33.506Z",
        "user": [
            "admin"
        ],
        "content_type": [
            "actions",
            "action"
        ],
        "object_id": "30",
        "object_repr": "HEHEHHE",
        "action_flag": 3,
        "change_message": ""
    }
},
{
    "model": "admin.logentry",
    "pk": 174,
    "fields": {
        "action_time": "2016-12-07T23:55:33.510Z",
        "user": [
            "admin"
        ],
        "content_type": [
            "actions",
            "action"
        ],
        "object_id": "29",
        "object_repr": "SO MUCH JUNK",
        "action_flag": 3,
        "change_message": ""
    }
},
{
    "model": "admin.logentry",
    "pk": 175,
    "fields": {
        "action_time": "2016-12-07T23:55:33.512Z",
        "user": [
            "admin"
        ],
        "content_type": [
            "actions",
            "action"
        ],
        "object_id": "28",
        "object_repr": "YAY",
        "action_flag": 3,
        "change_message": ""
    }
},
{
    "model": "admin.logentry",
    "pk": 176,
    "fields": {
        "action_time": "2016-12-07T23:55:33.515Z",
        "user": [
            "admin"
        ],
        "content_type": [
            "actions",
            "action"
        ],
        "object_id": "27",
        "object_repr": "YAY",
        "action_flag": 3,
        "change_message": ""
    }
},
{
    "model": "admin.logentry",
    "pk": 177,
    "fields": {
        "action_time": "2016-12-07T23:55:33.517Z",
        "user": [
            "admin"
        ],
        "content_type": [
            "actions",
            "action"
        ],
        "object_id": "26",
        "object_repr": "Gonna be so much stuff to clean up in the fixtures",
        "action_flag": 3,
        "change_message": ""
    }
},
{
    "model": "admin.logentry",
    "pk": 178,
    "fields": {
        "action_time": "2016-12-07T23:56:25.309Z",
        "user": [
            "admin"
        ],
        "content_type": [
            "actions",
            "slate"
        ],
        "object_id": "15",
        "object_repr": "I love slates",
        "action_flag": 3,
        "change_message": ""
    }
},
{
    "model": "admin.logentry",
    "pk": 179,
    "fields": {
        "action_time": "2016-12-07T23:56:25.313Z",
        "user": [
            "admin"
        ],
        "content_type": [
            "actions",
            "slate"
        ],
        "object_id": "14",
        "object_repr": "So much to delete!",
        "action_flag": 3,
        "change_message": ""
    }
},
{
    "model": "admin.logentry",
    "pk": 180,
    "fields": {
        "action_time": "2016-12-07T23:56:25.315Z",
        "user": [
            "admin"
        ],
        "content_type": [
            "actions",
            "slate"
        ],
        "object_id": "13",
        "object_repr": "Boring administrative things",
        "action_flag": 3,
        "change_message": ""
    }
},
{
    "model": "admin.logentry",
    "pk": 181,
    "fields": {
        "action_time": "2016-12-07T23:56:47.198Z",
        "user": [
            "admin"
        ],
        "content_type": [
            "auth",
            "user"
        ],
        "object_id": "15",
        "object_repr": "newtest",
        "action_flag": 3,
        "change_message": ""
    }
},
{
    "model": "admin.logentry",
    "pk": 182,
    "fields": {
        "action_time": "2016-12-07T23:57:30.172Z",
        "user": [
            "admin"
        ],
        "content_type": [
            "django_comments",
            "comment"
        ],
        "object_id": "15",
        "object_repr": "newtest: ???ASDASDASD...",
        "action_flag": 3,
        "change_message": ""
    }
},
{
    "model": "admin.logentry",
    "pk": 183,
    "fields": {
        "action_time": "2016-12-07T23:57:30.176Z",
        "user": [
            "admin"
        ],
        "content_type": [
            "django_comments",
            "comment"
        ],
        "object_id": "14",
        "object_repr": "newtest: Mwaha!...",
        "action_flag": 3,
        "change_message": ""
    }
},
{
    "model": "admin.logentry",
    "pk": 184,
    "fields": {
        "action_time": "2016-12-07T23:57:30.178Z",
        "user": [
            "admin"
        ],
        "content_type": [
            "django_comments",
            "comment"
        ],
        "object_id": "13",
        "object_repr": "newtest: WOO...",
        "action_flag": 3,
        "change_message": ""
    }
},
{
    "model": "admin.logentry",
    "pk": 185,
    "fields": {
        "action_time": "2016-12-07T23:57:30.181Z",
        "user": [
            "admin"
        ],
        "content_type": [
            "django_comments",
            "comment"
        ],
        "object_id": "12",
        "object_repr": "newtest: AHE...",
        "action_flag": 3,
        "change_message": ""
    }
},
{
    "model": "admin.logentry",
    "pk": 186,
    "fields": {
        "action_time": "2016-12-07T23:57:30.184Z",
        "user": [
            "admin"
        ],
        "content_type": [
            "django_comments",
            "comment"
        ],
        "object_id": "11",
        "object_repr": "newtest: WOOO...",
        "action_flag": 3,
        "change_message": ""
    }
},
{
    "model": "admin.logentry",
    "pk": 187,
    "fields": {
        "action_time": "2016-12-07T23:57:30.187Z",
        "user": [
            "admin"
        ],
        "content_type": [
            "django_comments",
            "comment"
        ],
        "object_id": "10",
        "object_repr": "newtest: HEY!...",
        "action_flag": 3,
        "change_message": ""
    }
},
{
    "model": "admin.logentry",
    "pk": 188,
    "fields": {
        "action_time": "2016-12-07T23:57:30.190Z",
        "user": [
            "admin"
        ],
        "content_type": [
            "django_comments",
            "comment"
        ],
        "object_id": "9",
        "object_repr": "newtest: Woo I made a comment....",
        "action_flag": 3,
        "change_message": ""
    }
},
{
    "model": "admin.logentry",
    "pk": 189,
    "fields": {
        "action_time": "2016-12-07T23:57:54.662Z",
        "user": [
            "admin"
        ],
        "content_type": [
            "notifications",
            "notificationsettings"
        ],
        "object_id": "3",
        "object_repr": "Notification Settings for admin",
        "action_flag": 2,
        "change_message": "[{\"changed\": {\"fields\": [\"weekly_summary\", \"if_followed\", \"if_comments_on_my_actions\"]}}]"
    }
},
{
    "model": "admin.logentry",
    "pk": 190,
    "fields": {
        "action_time": "2016-12-08T02:05:39.205Z",
        "user": [
            "admin"
        ],
        "content_type": [
            "profiles",
            "relationship"
        ],
        "object_id": "11",
        "object_repr": "Relationship of : admin and giles",
        "action_flag": 3,
        "change_message": ""
    }
},
{
    "model": "admin.logentry",
    "pk": 191,
    "fields": {
        "action_time": "2016-12-08T02:05:39.212Z",
        "user": [
            "admin"
        ],
        "content_type": [
            "profiles",
            "relationship"
        ],
        "object_id": "10",
        "object_repr": "Relationship of : admin and 5by5",
        "action_flag": 3,
        "change_message": ""
    }
},
{
    "model": "admin.logentry",
    "pk": 192,
    "fields": {
        "action_time": "2016-12-08T02:05:39.215Z",
        "user": [
            "admin"
        ],
        "content_type": [
            "profiles",
            "relationship"
        ],
        "object_id": "9",
        "object_repr": "Relationship of : admin and buffysummers",
        "action_flag": 3,
        "change_message": ""
    }
},
{
    "model": "admin.logentry",
    "pk": 193,
    "fields": {
        "action_time": "2016-12-08T02:05:39.218Z",
        "user": [
            "admin"
        ],
        "content_type": [
            "profiles",
            "relationship"
        ],
        "object_id": "8",
        "object_repr": "Relationship of : admin and thewitch",
        "action_flag": 3,
        "change_message": ""
    }
}
]
