[
{
    "model": "auth.user",
    "pk": 8,
    "fields": {
        "password": "pbkdf2_sha256$30000$06Pt4s6XgY5h$pKAC05XglBrOj4rgJ+U1rESRqLnaRjclzVS7o1wJssA=",
        "last_login": "2017-01-24T22:41:58.705Z",
        "is_superuser": false,
        "username": "buffysummers",
        "first_name": "Buffy",
        "last_name": "Summers",
        "email": "buffy@sunnydale.edu",
        "is_staff": false,
        "is_active": true,
        "date_joined": "2016-11-16T03:05:55Z",
        "groups": [],
        "user_permissions": []
    }
},
{
    "model": "auth.user",
    "pk": 9,
    "fields": {
        "password": "pbkdf2_sha256$30000$4l5lZ7OLprxY$cZsjrXEWDJ4X5Smk9Elewk6+ko+WKhcCzdQZglX+CEs=",
        "last_login": "2017-01-06T17:19:17.218Z",
        "is_superuser": false,
        "username": "thewitch",
        "first_name": "Willow",
        "last_name": "",
        "email": "",
        "is_staff": false,
        "is_active": true,
        "date_joined": "2016-11-16T03:06:40Z",
        "groups": [],
        "user_permissions": []
    }
},
{
    "model": "auth.user",
    "pk": 10,
    "fields": {
        "password": "pbkdf2_sha256$30000$ucOzdcdyXYhw$m3/GSGNnEDH3lR1XwaaKMiM/PDYHalevq7NEMRc+ejg=",
        "last_login": null,
        "is_superuser": false,
        "username": "giles",
        "first_name": "Rupert",
        "last_name": "Giles",
        "email": "",
        "is_staff": false,
        "is_active": true,
        "date_joined": "2016-11-16T03:07:03Z",
        "groups": [],
        "user_permissions": []
    }
},
{
    "model": "auth.user",
    "pk": 11,
    "fields": {
        "password": "pbkdf2_sha256$30000$KNI6whMWaoBn$MPQKByTbxHlGf9fsbymHZa941Jt2hpUGXCKgo+HCuJk=",
        "last_login": null,
        "is_superuser": false,
        "username": "5by5",
        "first_name": "Faith",
        "last_name": "Lehane",
        "email": "",
        "is_staff": false,
        "is_active": true,
        "date_joined": "2016-11-28T22:22:33Z",
        "groups": [],
        "user_permissions": []
    }
},
{
    "model": "auth.user",
    "pk": 12,
    "fields": {
        "password": "pbkdf2_sha256$30000$FUOFgZeeV23E$C5cPTWjOGa0uL2EwAuFS7HFTvgmmo+nqR0RQ9Jw6DDA=",
        "last_login": null,
        "is_superuser": false,
        "username": "tara_m",
        "first_name": "Tara",
        "last_name": "",
        "email": "",
        "is_staff": false,
        "is_active": true,
        "date_joined": "2016-11-28T22:23:30Z",
        "groups": [],
        "user_permissions": []
    }
},
{
    "model": "auth.user",
    "pk": 13,
    "fields": {
        "password": "pbkdf2_sha256$30000$9UKJjBtRpGx0$RW2H5bRgTGt4dWJBSkkEMD/GnnxVXptnUHfvdLz0+f0=",
        "last_login": "2017-01-06T17:20:58.419Z",
        "is_superuser": false,
        "username": "dru",
        "first_name": "Drusilla",
        "last_name": "",
        "email": "",
        "is_staff": false,
        "is_active": true,
        "date_joined": "2016-12-02T14:58:39Z",
        "groups": [],
        "user_permissions": []
    }
},
{
    "model": "auth.user",
    "pk": 14,
    "fields": {
        "password": "pbkdf2_sha256$30000$LFaiw90fHYjX$cOXd0WQNTJQV82ruk/aNRgwzMQbwpuiR5YOxkCNpBHc=",
        "last_login": "2017-01-25T05:52:02.006Z",
        "is_superuser": true,
        "username": "admin",
        "first_name": "Jane",
        "last_name": "Doe",
        "email": "shaunagm@gmail.com",
        "is_staff": true,
        "is_active": true,
        "date_joined": "2016-12-02T15:01:21Z",
        "groups": [],
        "user_permissions": []
    }
},
{
    "model": "auth.user",
    "pk": 308,
    "fields": {
        "password": "pbkdf2_sha256$30000$LFaiw90fHYjX$cOXd0WQNTJQV82ruk/aNRgwzMQbwpuiR5YOxkCNpBHc=",
        "last_login": "2017-01-25T05:52:02.006Z",
        "is_superuser": true,
        "username": "vampire",
        "first_name": "Vampire",
        "last_name": "Jones",
        "email": "shaunagm@gmail.com",
        "is_staff": false,
        "is_active": true,
        "date_joined": "2016-12-02T15:01:21Z",
        "groups": [],
        "user_permissions": []
    }
},
{
    "model": "sessions.session",
    "pk": "2pkofjprw50cbttjsmxcj0o826eb61g9",
    "fields": {
        "session_data": "Y2I4MGI3YmE4MDA3MTdiNzkxMTcxOGIxZjE5NzhjNDgxYTY5ODFhOTp7Il9hdXRoX3VzZXJfaGFzaCI6IjY4MjgzMmVhYTljNzAyOGQ2ZjY1MzJlYThiMGI2YjkyOThiYzZkNmQiLCJfYXV0aF91c2VyX2JhY2tlbmQiOiJkamFuZ28uY29udHJpYi5hdXRoLmJhY2tlbmRzLk1vZGVsQmFja2VuZCIsIl9hdXRoX3VzZXJfaWQiOiI4In0=",
        "expire_date": "2016-12-12T22:00:36.701Z"
    }
},
{
    "model": "sessions.session",
    "pk": "2w5404lo9o5mr3ci9sy09vwk3jvpktwj",
    "fields": {
        "session_data": "Y2I4MGI3YmE4MDA3MTdiNzkxMTcxOGIxZjE5NzhjNDgxYTY5ODFhOTp7Il9hdXRoX3VzZXJfaGFzaCI6IjY4MjgzMmVhYTljNzAyOGQ2ZjY1MzJlYThiMGI2YjkyOThiYzZkNmQiLCJfYXV0aF91c2VyX2JhY2tlbmQiOiJkamFuZ28uY29udHJpYi5hdXRoLmJhY2tlbmRzLk1vZGVsQmFja2VuZCIsIl9hdXRoX3VzZXJfaWQiOiI4In0=",
        "expire_date": "2016-12-12T22:02:42.433Z"
    }
},
{
    "model": "sessions.session",
    "pk": "5t9loc0d756ddhwk481gkhwnuwe6815e",
    "fields": {
        "session_data": "NjhjYzMzZWNjZjgxZWIzOTFmYTZjYzBiNWUyOTFlOTM0NGJlN2RjODp7Il9hdXRoX3VzZXJfaGFzaCI6ImI2NGJjNjI1MTM1ODBjNmEyODMyYjA5Y2IwMDNiZDcxMzBjMWQzYmYiLCJfYXV0aF91c2VyX2JhY2tlbmQiOiJkamFuZ28uY29udHJpYi5hdXRoLmJhY2tlbmRzLk1vZGVsQmFja2VuZCIsIl9hdXRoX3VzZXJfaWQiOiI4In0=",
        "expire_date": "2017-01-20T19:02:29.931Z"
    }
},
{
    "model": "sessions.session",
    "pk": "6tt9nokqx0rpp24vy2lynn12duj2a23w",
    "fields": {
        "session_data": "Y2I4MGI3YmE4MDA3MTdiNzkxMTcxOGIxZjE5NzhjNDgxYTY5ODFhOTp7Il9hdXRoX3VzZXJfaGFzaCI6IjY4MjgzMmVhYTljNzAyOGQ2ZjY1MzJlYThiMGI2YjkyOThiYzZkNmQiLCJfYXV0aF91c2VyX2JhY2tlbmQiOiJkamFuZ28uY29udHJpYi5hdXRoLmJhY2tlbmRzLk1vZGVsQmFja2VuZCIsIl9hdXRoX3VzZXJfaWQiOiI4In0=",
        "expire_date": "2016-11-30T03:06:03.061Z"
    }
},
{
    "model": "sessions.session",
    "pk": "91qadni97cnj5a90ac4j7kh9uphxh857",
    "fields": {
        "session_data": "Y2I4MGI3YmE4MDA3MTdiNzkxMTcxOGIxZjE5NzhjNDgxYTY5ODFhOTp7Il9hdXRoX3VzZXJfaGFzaCI6IjY4MjgzMmVhYTljNzAyOGQ2ZjY1MzJlYThiMGI2YjkyOThiYzZkNmQiLCJfYXV0aF91c2VyX2JhY2tlbmQiOiJkamFuZ28uY29udHJpYi5hdXRoLmJhY2tlbmRzLk1vZGVsQmFja2VuZCIsIl9hdXRoX3VzZXJfaWQiOiI4In0=",
        "expire_date": "2016-12-12T22:02:18.508Z"
    }
},
{
    "model": "sessions.session",
    "pk": "9q3g01fj9rxl2ul7qmbvy84tqup8s8ld",
    "fields": {
        "session_data": "OGM0ODc1YjU1MThkZjRiYzdhOWM4MGU3ZTllN2Q0ZWZlODdlZGQ1ODp7Il9hdXRoX3VzZXJfaGFzaCI6ImMyNzdhZjdiNjIzMmZlMmExMzMxYTlhMmQ4N2Y5MjU3YTRmZTFmZGQiLCJ3aXphcmRfZmlsdGVyX3dpemFyZCI6eyJzdGVwX2ZpbGVzIjp7IjAiOnt9fSwic3RlcCI6IjEiLCJleHRyYV9kYXRhIjp7fSwic3RlcF9kYXRhIjp7IjAiOnsiMC1raW5kcyI6WyIxIl0sImNzcmZtaWRkbGV3YXJldG9rZW4iOlsiZTJJMDRYTTc3TkJKcTJnYnlkQmUzeWkxcmZGZllFdlAxV3VRbm91VEtCdWtaSkhYV2t5bVoyWGcxRTBpanpGdyJdLCIwLWVuZF9lYXJseSI6WyJUcnVlIl0sImZpbHRlcl93aXphcmQtY3VycmVudF9zdGVwIjpbIjAiXX19fSwiX2F1dGhfdXNlcl9iYWNrZW5kIjoiZGphbmdvLmNvbnRyaWIuYXV0aC5iYWNrZW5kcy5Nb2RlbEJhY2tlbmQiLCJfYXV0aF91c2VyX2lkIjoiMTQiLCJhY3RpdmVfZmlsdGVyX3Jlc3VsdHMiOlsxLDIsMl19",
        "expire_date": "2017-02-11T18:53:52.099Z"
    }
},
{
    "model": "sessions.session",
    "pk": "bch8gs082hb57jp7qe7ffexqi7h3b9zt",
    "fields": {
        "session_data": "Y2I4MGI3YmE4MDA3MTdiNzkxMTcxOGIxZjE5NzhjNDgxYTY5ODFhOTp7Il9hdXRoX3VzZXJfaGFzaCI6IjY4MjgzMmVhYTljNzAyOGQ2ZjY1MzJlYThiMGI2YjkyOThiYzZkNmQiLCJfYXV0aF91c2VyX2JhY2tlbmQiOiJkamFuZ28uY29udHJpYi5hdXRoLmJhY2tlbmRzLk1vZGVsQmFja2VuZCIsIl9hdXRoX3VzZXJfaWQiOiI4In0=",
        "expire_date": "2016-12-12T22:06:55.395Z"
    }
},
{
    "model": "sessions.session",
    "pk": "bdj8uu1e0wv67kibh6it3o4mreo7mhcz",
    "fields": {
        "session_data": "ZjlkYjc0ZjM2MmU1ZTEwMjYwOGFhMzI2NmFjM2M4OTBkOTk0YzZiNDp7Il9hdXRoX3VzZXJfaGFzaCI6IjVjZDFiY2ZhN2Q3NDJlYzE4NDEzOWExNzg1YWY5MTk0YmE5YTdjMTAiLCJfYXV0aF91c2VyX2JhY2tlbmQiOiJkamFuZ28uY29udHJpYi5hdXRoLmJhY2tlbmRzLk1vZGVsQmFja2VuZCIsIl9hdXRoX3VzZXJfaWQiOiIxNCJ9",
        "expire_date": "2017-01-20T17:13:28.870Z"
    }
},
{
    "model": "sessions.session",
    "pk": "bmwbyzwy2nc7osdqavs7ffyeypt9dgvy",
    "fields": {
        "session_data": "Y2I4MGI3YmE4MDA3MTdiNzkxMTcxOGIxZjE5NzhjNDgxYTY5ODFhOTp7Il9hdXRoX3VzZXJfaGFzaCI6IjY4MjgzMmVhYTljNzAyOGQ2ZjY1MzJlYThiMGI2YjkyOThiYzZkNmQiLCJfYXV0aF91c2VyX2JhY2tlbmQiOiJkamFuZ28uY29udHJpYi5hdXRoLmJhY2tlbmRzLk1vZGVsQmFja2VuZCIsIl9hdXRoX3VzZXJfaWQiOiI4In0=",
        "expire_date": "2016-12-12T22:03:58.997Z"
    }
},
{
    "model": "sessions.session",
    "pk": "btl2iy4p9708s5s7bp17lxkw5pqughqg",
    "fields": {
        "session_data": "ZjlkYjc0ZjM2MmU1ZTEwMjYwOGFhMzI2NmFjM2M4OTBkOTk0YzZiNDp7Il9hdXRoX3VzZXJfaGFzaCI6IjVjZDFiY2ZhN2Q3NDJlYzE4NDEzOWExNzg1YWY5MTk0YmE5YTdjMTAiLCJfYXV0aF91c2VyX2JhY2tlbmQiOiJkamFuZ28uY29udHJpYi5hdXRoLmJhY2tlbmRzLk1vZGVsQmFja2VuZCIsIl9hdXRoX3VzZXJfaWQiOiIxNCJ9",
        "expire_date": "2017-01-25T18:09:28.730Z"
    }
},
{
    "model": "sessions.session",
    "pk": "cfd93293lj6u6mhzt9wea14ugtl0boqs",
    "fields": {
        "session_data": "MGFjOTJmYTAyZmVjNWExZjZhNmMwMWU3NjA2ZjcwNjBkMzlmNjdjNzp7Il9hdXRoX3VzZXJfaGFzaCI6IjliMTIwMjk2Zjg1NzE4ZTllYzhiYWI2ZWQyNThmNGJjZTY2ZGU4NzkiLCJfYXV0aF91c2VyX2JhY2tlbmQiOiJkamFuZ28uY29udHJpYi5hdXRoLmJhY2tlbmRzLk1vZGVsQmFja2VuZCIsIl9hdXRoX3VzZXJfaWQiOiIxNCJ9",
        "expire_date": "2016-12-17T04:41:13.121Z"
    }
},
{
    "model": "sessions.session",
    "pk": "ey5ghxz2qt4klbb4whzljlannthriy8n",
    "fields": {
        "session_data": "ZjlkYjc0ZjM2MmU1ZTEwMjYwOGFhMzI2NmFjM2M4OTBkOTk0YzZiNDp7Il9hdXRoX3VzZXJfaGFzaCI6IjVjZDFiY2ZhN2Q3NDJlYzE4NDEzOWExNzg1YWY5MTk0YmE5YTdjMTAiLCJfYXV0aF91c2VyX2JhY2tlbmQiOiJkamFuZ28uY29udHJpYi5hdXRoLmJhY2tlbmRzLk1vZGVsQmFja2VuZCIsIl9hdXRoX3VzZXJfaWQiOiIxNCJ9",
        "expire_date": "2017-01-20T17:18:07.464Z"
    }
},
{
    "model": "sessions.session",
    "pk": "iy1zqghl7ozuzmrc6uadvq36ih6cwvuk",
    "fields": {
        "session_data": "ZjlkYjc0ZjM2MmU1ZTEwMjYwOGFhMzI2NmFjM2M4OTBkOTk0YzZiNDp7Il9hdXRoX3VzZXJfaGFzaCI6IjVjZDFiY2ZhN2Q3NDJlYzE4NDEzOWExNzg1YWY5MTk0YmE5YTdjMTAiLCJfYXV0aF91c2VyX2JhY2tlbmQiOiJkamFuZ28uY29udHJpYi5hdXRoLmJhY2tlbmRzLk1vZGVsQmFja2VuZCIsIl9hdXRoX3VzZXJfaWQiOiIxNCJ9",
        "expire_date": "2017-02-07T03:19:17.614Z"
    }
},
{
    "model": "sessions.session",
    "pk": "jh9h8q9r8wrw0umnokbk1qsyfb5t9dij",
    "fields": {
        "session_data": "Y2I4MGI3YmE4MDA3MTdiNzkxMTcxOGIxZjE5NzhjNDgxYTY5ODFhOTp7Il9hdXRoX3VzZXJfaGFzaCI6IjY4MjgzMmVhYTljNzAyOGQ2ZjY1MzJlYThiMGI2YjkyOThiYzZkNmQiLCJfYXV0aF91c2VyX2JhY2tlbmQiOiJkamFuZ28uY29udHJpYi5hdXRoLmJhY2tlbmRzLk1vZGVsQmFja2VuZCIsIl9hdXRoX3VzZXJfaWQiOiI4In0=",
        "expire_date": "2016-12-16T15:11:37.498Z"
    }
},
{
    "model": "sessions.session",
    "pk": "kstroqt9w43iju4gshdcpvcbnmf9h641",
    "fields": {
        "session_data": "Y2I4MGI3YmE4MDA3MTdiNzkxMTcxOGIxZjE5NzhjNDgxYTY5ODFhOTp7Il9hdXRoX3VzZXJfaGFzaCI6IjY4MjgzMmVhYTljNzAyOGQ2ZjY1MzJlYThiMGI2YjkyOThiYzZkNmQiLCJfYXV0aF91c2VyX2JhY2tlbmQiOiJkamFuZ28uY29udHJpYi5hdXRoLmJhY2tlbmRzLk1vZGVsQmFja2VuZCIsIl9hdXRoX3VzZXJfaWQiOiI4In0=",
        "expire_date": "2016-12-12T21:52:52.695Z"
    }
},
{
    "model": "sessions.session",
    "pk": "snnmwj7blg4ualse8p9ef0swnns1j5mk",
    "fields": {
        "session_data": "NDA5MmM5NGM3MmQyNDgxZjk0MDkyZjZiNDcyMjEyZjA1NDc5N2U5Nzp7Il9hdXRoX3VzZXJfaGFzaCI6IjZmYTJmNmViMzVjYTFmMTAyYjU0MzkzNjhiMjUyYzQ5ZWM4OTFhOGIiLCJfYXV0aF91c2VyX2JhY2tlbmQiOiJkamFuZ28uY29udHJpYi5hdXRoLmJhY2tlbmRzLk1vZGVsQmFja2VuZCIsIl9hdXRoX3VzZXJfaWQiOiIyNSJ9",
        "expire_date": "2017-02-13T02:06:40.280Z"
    }
},
{
    "model": "sessions.session",
    "pk": "uqnqhiydzur0huqouegxl3tp11rl8ri0",
    "fields": {
        "session_data": "Y2I4MGI3YmE4MDA3MTdiNzkxMTcxOGIxZjE5NzhjNDgxYTY5ODFhOTp7Il9hdXRoX3VzZXJfaGFzaCI6IjY4MjgzMmVhYTljNzAyOGQ2ZjY1MzJlYThiMGI2YjkyOThiYzZkNmQiLCJfYXV0aF91c2VyX2JhY2tlbmQiOiJkamFuZ28uY29udHJpYi5hdXRoLmJhY2tlbmRzLk1vZGVsQmFja2VuZCIsIl9hdXRoX3VzZXJfaWQiOiI4In0=",
        "expire_date": "2016-12-12T21:53:52.125Z"
    }
},
{
    "model": "sessions.session",
    "pk": "uz4vll5803v6rp8ej29i4kcz1syaurst",
    "fields": {
        "session_data": "Y2I4MGI3YmE4MDA3MTdiNzkxMTcxOGIxZjE5NzhjNDgxYTY5ODFhOTp7Il9hdXRoX3VzZXJfaGFzaCI6IjY4MjgzMmVhYTljNzAyOGQ2ZjY1MzJlYThiMGI2YjkyOThiYzZkNmQiLCJfYXV0aF91c2VyX2JhY2tlbmQiOiJkamFuZ28uY29udHJpYi5hdXRoLmJhY2tlbmRzLk1vZGVsQmFja2VuZCIsIl9hdXRoX3VzZXJfaWQiOiI4In0=",
        "expire_date": "2016-12-02T01:40:24.523Z"
    }
},
{
    "model": "sessions.session",
    "pk": "v5w4mm5ommk0nj7mq1fagv4trk7g4tvu",
    "fields": {
        "session_data": "MGFjOTJmYTAyZmVjNWExZjZhNmMwMWU3NjA2ZjcwNjBkMzlmNjdjNzp7Il9hdXRoX3VzZXJfaGFzaCI6IjliMTIwMjk2Zjg1NzE4ZTllYzhiYWI2ZWQyNThmNGJjZTY2ZGU4NzkiLCJfYXV0aF91c2VyX2JhY2tlbmQiOiJkamFuZ28uY29udHJpYi5hdXRoLmJhY2tlbmRzLk1vZGVsQmFja2VuZCIsIl9hdXRoX3VzZXJfaWQiOiIxNCJ9",
        "expire_date": "2016-12-21T23:55:05.338Z"
    }
},
{
    "model": "sessions.session",
    "pk": "yzwbjbu8mcqjij279110xh02r5bu5yxx",
    "fields": {
        "session_data": "Y2I4MGI3YmE4MDA3MTdiNzkxMTcxOGIxZjE5NzhjNDgxYTY5ODFhOTp7Il9hdXRoX3VzZXJfaGFzaCI6IjY4MjgzMmVhYTljNzAyOGQ2ZjY1MzJlYThiMGI2YjkyOThiYzZkNmQiLCJfYXV0aF91c2VyX2JhY2tlbmQiOiJkamFuZ28uY29udHJpYi5hdXRoLmJhY2tlbmRzLk1vZGVsQmFja2VuZCIsIl9hdXRoX3VzZXJfaWQiOiI4In0=",
        "expire_date": "2016-12-12T22:01:26.043Z"
    }
},
{
    "model": "sessions.session",
    "pk": "z3lkh5drpvmshv7le7qr2ipfcdaqjnu1",
    "fields": {
        "session_data": "Y2I4MGI3YmE4MDA3MTdiNzkxMTcxOGIxZjE5NzhjNDgxYTY5ODFhOTp7Il9hdXRoX3VzZXJfaGFzaCI6IjY4MjgzMmVhYTljNzAyOGQ2ZjY1MzJlYThiMGI2YjkyOThiYzZkNmQiLCJfYXV0aF91c2VyX2JhY2tlbmQiOiJkamFuZ28uY29udHJpYi5hdXRoLmJhY2tlbmRzLk1vZGVsQmFja2VuZCIsIl9hdXRoX3VzZXJfaWQiOiI4In0=",
        "expire_date": "2016-12-12T22:09:02.482Z"
    }
},
{
    "model": "sites.site",
    "pk": 1,
    "fields": {
        "domain": "www.actionrising.com",
        "name": "ActionRising"
    }
},
{
    "model": "profiles.profile",
    "pk": 5,
    "fields": {
        "user": [
            "buffysummers"
        ],
        "verified": true,
        "description": "",
        "links": null,
        "date_joined": "2016-11-22T04:14:02.912Z",
        "privacy": "inherit",
        "current_privacy": "follows"
    }
},
{
    "model": "profiles.profile",
    "pk": 309,
    "fields": {
        "user": [
            "vampire"
        ],
        "verified": true,
        "description": "",
        "links": null,
        "date_joined": "2016-11-22T04:14:02.912Z",
        "privacy": "follows",
        "current_privacy": "follows"
    }
},
{
    "model": "profiles.profile",
    "pk": 6,
    "fields": {
        "user": [
            "thewitch"
        ],
        "verified": true,
        "description": "",
        "links": "",
        "date_joined": "2016-11-22T04:14:02Z",
        "privacy": "inherit",
        "current_privacy": "follows"
    }
},
{
    "model": "profiles.profile",
    "pk": 7,
    "fields": {
        "user": [
            "giles"
        ],
        "verified": true,
        "description": null,
        "links": null,
        "date_joined": "2016-11-22T04:14:02.912Z",
        "privacy": "sitewide",
        "current_privacy": "sitewide"
    }
},
{
    "model": "profiles.profile",
    "pk": 8,
    "fields": {
        "user": [
            "5by5"
        ],
        "verified": true,
        "description": null,
        "links": null,
        "date_joined": "2016-11-28T22:22:33.956Z",
        "privacy": "inherit",
        "current_privacy": "follows"
    }
},
{
    "model": "profiles.profile",
    "pk": 9,
    "fields": {
        "user": [
            "tara_m"
        ],
        "verified": true,
        "description": null,
        "links": null,
        "date_joined": "2016-11-28T22:23:30.382Z",
        "privacy": "inherit",
        "current_privacy": "follows"
    }
},
{
    "model": "profiles.profile",
    "pk": 10,
    "fields": {
        "user": [
            "dru"
        ],
        "verified": true,
        "description": "",
        "links": "",
        "date_joined": "2016-12-02T14:58:39Z",
        "privacy": "public",
        "current_privacy": "public"
    }
},
{
    "model": "profiles.profile",
    "pk": 11,
    "fields": {
        "user": [
            "admin"
        ],
        "verified": false,
        "description": "",
        "links": "",
        "date_joined": "2016-12-02T15:01:21Z",
        "privacy": "inherit",
        "current_privacy": "follows"
    }
},
{
    "model": "profiles.relationship",
    "pk": 4,
    "fields": {
        "person_A": 6,
        "person_B": 5,
        "A_follows_B": true,
        "B_follows_A": true,
        "A_accountable_B": false,
        "B_accountable_A": false,
        "A_mutes_B": true,
        "B_mutes_A": false,
        "A_notified_of_B": false,
        "B_notified_of_A": false
    }
},
{
    "model": "profiles.relationship",
    "pk": 5,
    "fields": {
        "person_A": 7,
        "person_B": 5,
        "A_follows_B": true,
        "B_follows_A": true,
        "A_accountable_B": false,
        "B_accountable_A": false,
        "A_mutes_B": false,
        "B_mutes_A": false,
        "A_notified_of_B": false,
        "B_notified_of_A": false
    }
},
{
    "model": "profiles.relationship",
    "pk": 6,
    "fields": {
        "person_A": 5,
        "person_B": 8,
        "A_follows_B": false,
        "B_follows_A": true,
        "A_accountable_B": false,
        "B_accountable_A": false,
        "A_mutes_B": false,
        "B_mutes_A": false,
        "A_notified_of_B": false,
        "B_notified_of_A": false
    }
},
{
    "model": "profiles.relationship",
    "pk": 7,
    "fields": {
        "person_A": 5,
        "person_B": 9,
        "A_follows_B": true,
        "B_follows_A": false,
        "A_accountable_B": false,
        "B_accountable_A": false,
        "A_mutes_B": false,
        "B_mutes_A": false,
        "A_notified_of_B": false,
        "B_notified_of_A": false
    }
},
{
    "model": "profiles.relationship",
    "pk": 8,
    "fields": {
        "person_A": 11,
        "person_B": 5,
        "A_follows_B": true,
        "B_follows_A": true,
        "A_accountable_B": false,
        "B_accountable_A": false,
        "A_mutes_B": false,
        "B_mutes_A": false,
        "A_notified_of_B": false,
        "B_notified_of_A": false
    }
},
{
    "model": "profiles.privacydefaults",
    "pk": 5,
    "fields": {
        "profile": 5,
        "global_default": "sitewide"
    }
},
{
    "model": "profiles.privacydefaults",
    "pk": 6,
    "fields": {
        "profile": 6,
        "global_default": "sitewide"
    }
},
{
    "model": "profiles.privacydefaults",
    "pk": 7,
    "fields": {
        "profile": 7,
        "global_default": "public"
    }
},
{
    "model": "profiles.privacydefaults",
    "pk": 8,
    "fields": {
        "profile": 8,
        "global_default": "public"
    }
},
{
    "model": "profiles.privacydefaults",
    "pk": 9,
    "fields": {
        "profile": 9,
        "global_default": "sitewide"
    }
},
{
    "model": "profiles.privacydefaults",
    "pk": 10,
    "fields": {
        "profile": 10,
        "global_default": "sitewide"
    }
},
{
    "model": "profiles.privacydefaults",
    "pk": 11,
    "fields": {
        "profile": 11,
        "global_default": "sitewide"
    }
},
{
    "model": "profiles.profileactionrelationship",
    "pk": 15,
    "fields": {
        "profile": 6,
        "action": 9,
        "priority": "medium",
        "status": "accepted",
        "committed": false,
        "last_suggester": null,
        "suggested_by": "[\"shauna\"]",
        "notes": null,
        "date_accepted": "2017-01-06T17:13:19.395Z",
        "date_finished": null
    }
},
{
    "model": "profiles.profileactionrelationship",
    "pk": 17,
    "fields": {
        "profile": 6,
        "action": 11,
        "priority": "medium",
        "status": "accepted",
        "committed": false,
        "last_suggester": null,
        "suggested_by": "",
        "notes": "",
        "date_accepted": "2017-01-06T17:13:19.397Z",
        "date_finished": null
    }
},
{
    "model": "profiles.profileactionrelationship",
    "pk": 18,
    "fields": {
        "profile": 7,
        "action": 9,
        "priority": "medium",
        "status": "done",
        "committed": false,
        "last_suggester": null,
        "suggested_by": "",
        "notes": "",
        "date_accepted": "2017-01-06T17:13:19.398Z",
        "date_finished": null
    }
},
{
    "model": "profiles.profileactionrelationship",
    "pk": 19,
    "fields": {
        "profile": 8,
        "action": 9,
        "priority": "medium",
        "status": "suggested",
        "committed": false,
        "last_suggester": null,
        "suggested_by": "",
        "notes": "",
        "date_accepted": "2017-01-06T17:13:19.400Z",
        "date_finished": null
    }
},
{
    "model": "profiles.profileslaterelationship",
    "pk": 1,
    "fields": {
        "profile": 11,
        "slate": 12,
        "notify_of_additions": false
    }
},
{
    "model": "profiles.profileslaterelationship",
    "pk": 2,
    "fields": {
        "profile": 11,
        "slate": 11,
        "notify_of_additions": true
    }
},
{
    "model": "profiles.profileslaterelationship",
    "pk": 3,
    "fields": {
        "profile": 11,
        "slate": 10,
        "notify_of_additions": true
    }
},
{
    "model": "actions.action",
    "pk": 300,
    "fields": {
        "slug": "public-test-action",
        "title": "Public Test Action",
        "creator": [
            "thewitch"
        ],
        "anonymize": false,
        "main_link": "www.fakelinktomoreinfo.com",
        "description": "<p>Here&#39;s some instructions!</p>",
        "privacy": "public",
        "current_privacy": "public",
        "status": "ready",
        "never_expires": false,
        "deadline": null,
        "priority": "emergency",
        "date_created": "2017-04-22T04:14:02Z",
        "duration": "unknown"
    }
},
{
    "model": "actions.action",
    "pk": 301,
    "fields": {
        "slug": "sitewide-test-action",
        "title": "Sitewide Test Action",
        "creator": [
            "thewitch"
        ],
        "anonymize": false,
        "main_link": "www.fakelinktomoreinfo.com",
        "description": "<p>Here&#39;s some instructions!</p>",
        "privacy": "sitewide",
        "current_privacy": "sitewide",
        "status": "ready",
        "never_expires": false,
        "deadline": null,
        "priority": "emergency",
        "date_created": "2017-04-22T04:14:02Z",
        "duration": "unknown"
    }
},
{
    "model": "actions.action",
    "pk": 302,
    "fields": {
        "slug": "follows-test-action",
        "title": "Buffy Can See",
        "creator": [
            "thewitch"
        ],
        "anonymize": false,
        "main_link": "www.fakelinktomoreinfo.com",
        "description": "<p>Here&#39;s some instructions!</p>",
        "privacy": "follows",
        "current_privacy": "follows",
        "status": "ready",
        "never_expires": false,
        "deadline": null,
        "priority": "emergency",
        "date_created": "2017-04-22T04:14:02Z",
        "duration": "unknown"
    }
},
{
    "model": "actions.action",
    "pk": 303,
    "fields": {
        "slug": "invisible-test-action",
        "title": "Buffy Cannot See",
        "creator": [
            "tara_m"
        ],
        "anonymize": false,
        "main_link": "www.fakelinktomoreinfo.com",
        "description": "<p>Here&#39;s some instructions!</p>",
        "privacy": "follows",
        "current_privacy": "follows",
        "status": "ready",
        "never_expires": false,
        "deadline": null,
        "priority": "emergency",
        "date_created": "2017-04-22T04:14:02Z",
        "duration": "unknown"
    }
},
{
    "model": "actions.action",
    "pk": 305,
    "fields": {
        "slug": "untrusted-action",
        "title": "Do Bad Stuff",
        "creator": [
            "vampire"
        ],
        "anonymize": false,
        "main_link": "www.fakelinktomoreinfo.com",
        "description": "<p>Here&#39;s some instructions!</p>",
        "privacy": "sitewide",
        "current_privacy": "sitewide",
        "status": "ready",
        "never_expires": false,
        "deadline": null,
        "priority": "emergency",
        "date_created": "2017-04-22T04:14:02Z",
        "duration": "unknown"
    }
},
{
    "model": "actions.action",
    "pk": 310,
    "fields": {
        "slug": "friend-action",
        "title": "Tara's Public Action",
        "creator": [
            "tara_m"
        ],
        "anonymize": false,
        "main_link": "www.fakelinktomoreinfo.com",
        "description": "<p>Here&#39;s some instructions!</p>",
        "privacy": "public",
        "current_privacy": "public",
        "status": "ready",
        "never_expires": false,
        "deadline": null,
        "priority": "emergency",
        "date_created": "2017-04-22T04:14:02Z",
        "duration": "unknown"
    }
},
{
    "model": "actions.action",
    "pk": 306,
    "fields": {
        "slug": "not-friend-action",
        "title": "Faith's Public Action",
        "creator": [
            "5by5"
        ],
        "anonymize": false,
        "main_link": "www.fakelinktomoreinfo.com",
        "description": "<p>Here&#39;s some instructions!</p>",
        "privacy": "public",
        "current_privacy": "public",
        "status": "ready",
        "never_expires": false,
        "deadline": null,
        "priority": "emergency",
        "date_created": "2017-04-22T04:14:02Z",
        "duration": "unknown"
    }
},
{
    "model": "actions.action",
    "pk": 312,
    "fields": {
        "slug": "anon-action",
        "title": "Anonymous Action",
        "creator": [
            "vampire"
        ],
        "anonymize": true,
        "main_link": "www.fakelinktomoreinfo.com",
        "description": "<p>Here&#39;s some instructions!</p>",
        "privacy": "sitewide",
        "current_privacy": "sitewide",
        "status": "ready",
        "never_expires": false,
        "deadline": null,
        "priority": "emergency",
        "date_created": "2017-04-22T04:14:02Z",
        "duration": "unknown"
    }
},
{
    "model": "actions.action",
    "pk": 9,
    "fields": {
        "slug": "denounce-bannon",
        "title": "Denounce Trump's proposed appointment of Steve Bannon",
        "creator": [
            "thewitch"
        ],
        "anonymize": false,
        "main_link": "www.fakelinktomoreinfo.com",
        "description": "<p>Here&#39;s some instructions!</p>",
        "privacy": "inherit",
        "current_privacy": "sitewide",
        "status": "ready",
        "never_expires": false,
        "deadline": null,
        "priority": "emergency",
        "date_created": "2016-11-22T04:14:02Z",
        "duration": "unknown"
    }
},
{
    "model": "actions.action",
    "pk": 10,
    "fields": {
        "slug": "petition-boston-sanctuary-city",
        "title": "Sign petition to make Boston a sanctuary city",
        "creator": [
            "buffysummers"
        ],
        "anonymize": true,
        "main_link": "",
        "description": "",
        "privacy": "public",
        "current_privacy": "public",
        "status": "ready",
        "never_expires": false,
        "deadline": null,
        "priority": "high",
        "date_created": "2016-11-25T04:14:02Z",
        "duration": "unknown"
    }
},
{
    "model": "actions.action",
    "pk": 11,
    "fields": {
        "slug": "donate-planned-parenthood",
        "title": "Donate to Planned Parenthood",
        "creator": [
            "giles"
        ],
        "anonymize": false,
        "main_link": "",
        "description": "",
        "privacy": "sitewide",
        "current_privacy": "sitewide",
        "status": "ready",
        "never_expires": false,
        "deadline": null,
        "priority": "medium",
        "date_created": "2016-11-23T04:14:02Z",
        "duration": "unknown"
    }
},
{
    "model": "actions.action",
    "pk": 24,
    "fields": {
        "slug": "do-an-unproductive-thing",
        "title": "Do an unproductive thing",
        "creator": [
            "thewitch"
        ],
        "anonymize": false,
        "main_link": "",
        "description": "Do a thing!  Edited to say: actually we should probably not do this thing.",
        "privacy": "inherit",
        "current_privacy": "sitewide",
        "status": "withdrawn",
        "never_expires": false,
        "deadline": null,
        "priority": "medium",
        "date_created": "2016-12-02T14:52:20Z",
        "duration": "unknown"
    }
},
{
    "model": "actions.action",
    "pk": 25,
    "fields": {
        "slug": "join-the-site",
        "title": "Join the site",
        "creator": [
            "admin"
        ],
        "anonymize": true,
        "main_link": "",
        "description": "<p>Let&#39;s see if this makes an activitystream update!?!?!!</p>",
        "privacy": "inherit",
        "current_privacy": "sitewide",
        "status": "ready",
        "never_expires": false,
        "deadline": null,
        "priority": "low",
        "date_created": "2016-12-02T15:04:48Z",
        "duration": "unknown"
    }
},
{
    "model": "actions.action",
    "pk": 26,
    "fields": {
        "slug": "an-action-in-sacramento",
        "title": "An Action In Sacramento",
        "creator": [
            "dru"
        ],
        "anonymize": false,
        "main_link": "",
        "description": "",
        "privacy": "inherit",
        "current_privacy": "sitewide",
        "status": "ready",
        "never_expires": false,
        "deadline": null,
        "priority": "medium",
        "date_created": "2017-01-06T17:21:26Z",
        "duration": "unknown"
    }
},
{
    "model": "slates.slate",
    "pk": 10,
    "fields": {
        "slug": "things-to-do-on-the-hellmouth",
        "title": "Things to do on the Hellmouth",
        "creator": [
            "buffysummers"
        ],
        "description": "Indescribable.",
        "status": "ready",
        "privacy": "inherit",
        "current_privacy": "sitewide",
        "date_created": "2016-11-28T22:26:42Z"
    }
},
{
    "model": "slates.slate",
    "pk": 11,
    "fields": {
        "slug": "how-to-prevent-an-apocalypse",
        "title": "How to prevent an apocalypse",
        "creator": [
            "giles"
        ],
        "description": "",
        "status": "ready",
        "privacy": "sitewide",
        "current_privacy": "sitewide",
        "date_created": "2016-12-02T21:42:10Z"
    }
},
{
    "model": "slates.slate",
    "pk": 12,
    "fields": {
        "slug": "high-stakes-slate-of-actions",
        "title": "High stakes slate of actions",
        "creator": [
            "dru"
        ],
        "description": "",
        "status": "ready",
        "privacy": "public",
        "current_privacy": "public",
        "date_created": "2016-12-02T21:43:05Z"
    }
},
{
    "model": "slates.slate",
    "pk": 313,
    "fields": {
        "slug": "buffy-can-see-slate",
        "title": "Slate Buffy Can See",
        "creator": [
            "thewitch"
        ],
        "description": "",
        "status": "ready",
        "privacy": "follows",
        "current_privacy": "follows",
        "date_created": "2016-12-02T21:43:05Z"
    }
},
{
    "model": "slates.slate",
    "pk": 314,
    "fields": {
        "slug": "buffy-cannot-see-slate",
        "title": "Slate Buffy Cannot See",
        "creator": [
            "tara_m"
        ],
        "description": "",
        "status": "ready",
        "privacy": "follows",
        "current_privacy": "follows",
        "date_created": "2016-12-02T21:43:05Z"
    }
},
{
    "model": "slates.slateactionrelationship",
    "pk": 31,
    "fields": {
        "slate": 10,
        "action": 9,
        "priority": "medium",
        "status": "accepted",
        "notes": ""
    }
},
{
    "model": "slates.slateactionrelationship",
    "pk": 32,
    "fields": {
        "slate": 10,
        "action": 11,
        "priority": "medium",
        "status": "accepted",
        "notes": ""
    }
},
{
    "model": "slates.slateactionrelationship",
    "pk": 33,
    "fields": {
        "slate": 12,
        "action": 25,
        "priority": "medium",
        "status": "accepted",
        "notes": ""
    }
},
{
    "model": "slates.slateactionrelationship",
    "pk": 34,
    "fields": {
        "slate": 12,
        "action": 10,
        "priority": "medium",
        "status": "accepted",
        "notes": ""
    }
},
{
    "model": "slates.slateactionrelationship",
    "pk": 35,
    "fields": {
        "slate": 12,
        "action": 11,
        "priority": "emergency",
        "status": "accepted",
        "notes": ""
    }
},
{
    "model": "tags.tag",
    "pk": 1,
    "fields": {
        "name": "Climate Change",
        "slug": "climate-change",
        "description": "",
        "kind": "topic",
        "actions": [],
        "slates": [],
        "profiles": []
    }
},
{
    "model": "tags.tag",
    "pk": 2,
    "fields": {
        "name": "Supreme Court",
        "slug": "supreme-court",
        "description": "",
        "kind": "topic",
        "actions": [
            24
        ],
        "slates": [],
        "profiles": []
    }
},
{
    "model": "tags.tag",
    "pk": 3,
    "fields": {
        "name": "Immigration",
        "slug": "immigration",
        "description": "",
        "kind": "topic",
        "actions": [
            10
        ],
        "slates": [],
        "profiles": []
    }
},
{
    "model": "tags.tag",
    "pk": 4,
    "fields": {
        "name": "Phone Campaign",
        "slug": "phone-campaign",
        "description": "",
        "kind": "type",
        "actions": [
            9,
            10
        ],
        "slates": [],
        "profiles": []
    }
},
{
    "model": "tags.tag",
    "pk": 5,
    "fields": {
        "name": "Boycott",
        "slug": "boycott",
        "description": "",
        "kind": "type",
        "actions": [],
        "slates": [],
        "profiles": []
    }
},
{
    "model": "tags.tag",
    "pk": 6,
    "fields": {
        "name": "Making Art",
        "slug": "art",
        "description": "",
        "kind": "type",
        "actions": [],
        "slates": [],
        "profiles": []
    }
},
{
    "model": "tags.tag",
    "pk": 7,
    "fields": {
        "name": "Donation",
        "slug": "donation",
        "description": "",
        "kind": "type",
        "actions": [
            11,
            24
        ],
        "slates": [],
        "profiles": []
    }
},
{
    "model": "notifications.notificationsettings",
    "pk": 1,
    "fields": {
        "user": [
            "buffysummers"
        ],
        "daily_action": true,
        "use_own_actions_if_exist": true,
        "weekly_summary": false,
        "if_followed": true,
        "if_slate_followed": true,
        "if_actions_followed": true,
        "if_comments_on_my_actions": true,
        "if_my_actions_added_to_slate": true,
        "if_suggested_action": true,
        "if_followed_users_create": true,
        "if_followed_slates_updated": true
    }
},
{
    "model": "notifications.notificationsettings",
    "pk": 2,
    "fields": {
        "user": [
            "giles"
        ],
        "daily_action": true,
        "use_own_actions_if_exist": true,
        "weekly_summary": false,
        "if_followed": true,
        "if_slate_followed": true,
        "if_actions_followed": true,
        "if_comments_on_my_actions": true,
        "if_my_actions_added_to_slate": true,
        "if_suggested_action": true,
        "if_followed_users_create": true,
        "if_followed_slates_updated": true
    }
},
{
    "model": "notifications.notificationsettings",
    "pk": 3,
    "fields": {
        "user": [
            "admin"
        ],
        "daily_action": true,
        "use_own_actions_if_exist": true,
        "weekly_summary": true,
        "if_followed": true,
        "if_slate_followed": true,
        "if_actions_followed": true,
        "if_comments_on_my_actions": true,
        "if_my_actions_added_to_slate": true,
        "if_suggested_action": true,
        "if_followed_users_create": true,
        "if_followed_slates_updated": true
    }
},
{
    "model": "notifications.notificationsettings",
    "pk": 5,
    "fields": {
        "user": [
            "thewitch"
        ],
        "daily_action": true,
        "use_own_actions_if_exist": true,
        "weekly_summary": false,
        "if_followed": true,
        "if_slate_followed": true,
        "if_actions_followed": true,
        "if_comments_on_my_actions": true,
        "if_my_actions_added_to_slate": true,
        "if_suggested_action": true,
        "if_followed_users_create": true,
        "if_followed_slates_updated": true
    }
},
{
    "model": "notifications.notificationsettings",
    "pk": 6,
    "fields": {
        "user": [
            "5by5"
        ],
        "daily_action": true,
        "use_own_actions_if_exist": true,
        "weekly_summary": false,
        "if_followed": true,
        "if_slate_followed": true,
        "if_actions_followed": true,
        "if_comments_on_my_actions": true,
        "if_my_actions_added_to_slate": true,
        "if_suggested_action": true,
        "if_followed_users_create": true,
        "if_followed_slates_updated": true
    }
},
{
    "model": "notifications.notificationsettings",
    "pk": 7,
    "fields": {
        "user": [
            "tara_m"
        ],
        "daily_action": true,
        "use_own_actions_if_exist": true,
        "weekly_summary": false,
        "if_followed": true,
        "if_slate_followed": true,
        "if_actions_followed": true,
        "if_comments_on_my_actions": true,
        "if_my_actions_added_to_slate": true,
        "if_suggested_action": true,
        "if_followed_users_create": true,
        "if_followed_slates_updated": true
    }
},
{
    "model": "notifications.notificationsettings",
    "pk": 8,
    "fields": {
        "user": [
            "dru"
        ],
        "daily_action": true,
        "use_own_actions_if_exist": true,
        "weekly_summary": false,
        "if_followed": true,
        "if_slate_followed": true,
        "if_actions_followed": true,
        "if_comments_on_my_actions": true,
        "if_my_actions_added_to_slate": true,
        "if_suggested_action": true,
        "if_followed_users_create": true,
        "if_followed_slates_updated": true
    }
},
{
    "model": "notifications.notification",
    "pk": 1,
    "fields": {
        "user": [
            "buffysummers"
        ],
        "event": 104,
        "sent": true
    }
},
{
    "model": "notifications.dailyactionsettings",
    "pk": 1,
    "fields": {
        "user": [
            "buffysummers"
        ],
        "recently_seen": null,
        "my_own_actions": "few",
        "my_friends_actions": "few",
        "popular_actions": "few",
        "duration_filter": null,
        "duration_filter_on": false,
        "tag_filter": null,
        "tag_filter_on": false
    }
},
{
    "model": "notifications.dailyactionsettings",
    "pk": 2,
    "fields": {
        "user": [
            "thewitch"
        ],
        "recently_seen": null,
        "my_own_actions": "few",
        "my_friends_actions": "few",
        "popular_actions": "few",
        "duration_filter": null,
        "duration_filter_on": false,
        "tag_filter": null,
        "tag_filter_on": false
    }
},
{
    "model": "notifications.dailyactionsettings",
    "pk": 3,
    "fields": {
        "user": [
            "giles"
        ],
        "recently_seen": null,
        "my_own_actions": "few",
        "my_friends_actions": "few",
        "popular_actions": "few",
        "duration_filter": null,
        "duration_filter_on": false,
        "tag_filter": null,
        "tag_filter_on": false
    }
},
{
    "model": "notifications.dailyactionsettings",
    "pk": 4,
    "fields": {
        "user": [
            "5by5"
        ],
        "recently_seen": null,
        "my_own_actions": "few",
        "my_friends_actions": "few",
        "popular_actions": "few",
        "duration_filter": null,
        "duration_filter_on": false,
        "tag_filter": null,
        "tag_filter_on": false
    }
},
{
    "model": "notifications.dailyactionsettings",
    "pk": 5,
    "fields": {
        "user": [
            "tara_m"
        ],
        "recently_seen": null,
        "my_own_actions": "few",
        "my_friends_actions": "few",
        "popular_actions": "few",
        "duration_filter": null,
        "duration_filter_on": false,
        "tag_filter": null,
        "tag_filter_on": false
    }
},
{
    "model": "notifications.dailyactionsettings",
    "pk": 6,
    "fields": {
        "user": [
            "dru"
        ],
        "recently_seen": null,
        "my_own_actions": "few",
        "my_friends_actions": "few",
        "popular_actions": "few",
        "duration_filter": null,
        "duration_filter_on": false,
        "tag_filter": null,
        "tag_filter_on": false
    }
},
{
    "model": "notifications.dailyactionsettings",
    "pk": 7,
    "fields": {
        "user": [
            "admin"
        ],
        "recently_seen": null,
        "my_own_actions": "few",
        "my_friends_actions": "few",
        "popular_actions": "few",
        "duration_filter": "[]",
        "duration_filter_on": false,
        "tag_filter": "[u'2', u'3', u'5']",
        "tag_filter_on": false
    }
},
{
    "model": "location_plugin.location",
    "pk": 1,
    "fields": {
        "location": "Boston, MA",
        "lat": "42.360082",
        "lon": "-71.058880",
        "district": "MA-8",
        "state": "MA",
        "hide_location": false,
        "content_type": [
            "profiles",
            "profile"
        ],
        "object_id": 5
    }
},
{
    "model": "location_plugin.location",
    "pk": 2,
    "fields": {
        "location": "Sunnydale, CA",
        "lat": "37.368830",
        "lon": "-122.036350",
        "district": "CA-17",
        "state": "CA",
        "hide_location": false,
        "content_type": [
            "profiles",
            "profile"
        ],
        "object_id": 6
    }
},
{
    "model": "location_plugin.location",
    "pk": 3,
    "fields": {
        "location": null,
        "lat": "44.933493",
        "lon": "7.540749",
        "district": null,
        "state": null,
        "hide_location": false,
        "content_type": [
            "profiles",
            "profile"
        ],
        "object_id": 7
    }
},
{
    "model": "location_plugin.location",
    "pk": 4,
    "fields": {
        "location": null,
        "lat": "44.933493",
        "lon": "7.540749",
        "district": null,
        "state": null,
        "hide_location": false,
        "content_type": [
            "profiles",
            "profile"
        ],
        "object_id": 8
    }
},
{
    "model": "location_plugin.location",
    "pk": 5,
    "fields": {
        "location": null,
        "lat": "44.933493",
        "lon": "7.540749",
        "district": null,
        "state": null,
        "hide_location": false,
        "content_type": [
            "profiles",
            "profile"
        ],
        "object_id": 9
    }
},
{
    "model": "location_plugin.location",
    "pk": 6,
    "fields": {
        "location": "MA",
        "lat": "42.407211",
        "lon": "-71.382437",
        "district": "MA-5",
        "state": "MA",
        "hide_location": false,
        "content_type": [
            "profiles",
            "profile"
        ],
        "object_id": 10
    }
},
{
    "model": "location_plugin.location",
    "pk": 7,
    "fields": {
        "location": "",
        "lat": null,
        "lon": null,
        "district": null,
        "state": null,
        "hide_location": false,
        "content_type": [
            "profiles",
            "profile"
        ],
        "object_id": 11
    }
},
{
    "model": "location_plugin.location",
    "pk": 8,
    "fields": {
        "location": "Amherst, MA",
        "lat": "42.373222",
        "lon": "-72.519854",
        "district": "MA-2",
        "state": "MA",
        "hide_location": false,
        "content_type": [
            "actions",
            "action"
        ],
        "object_id": 9
    }
},
{
    "model": "location_plugin.location",
    "pk": 9,
    "fields": {
        "location": "Boston, MA",
        "lat": "42.360082",
        "lon": "-71.058880",
        "district": "MA-8",
        "state": "MA",
        "hide_location": false,
        "content_type": [
            "actions",
            "action"
        ],
        "object_id": 10
    }
},
{
    "model": "location_plugin.location",
    "pk": 10,
    "fields": {
        "location": "",
        "lat": null,
        "lon": null,
        "district": null,
        "state": null,
        "hide_location": false,
        "content_type": [
            "actions",
            "action"
        ],
        "object_id": 11
    }
},
{
    "model": "location_plugin.location",
    "pk": 11,
    "fields": {
        "location": "",
        "lat": null,
        "lon": null,
        "district": null,
        "state": null,
        "hide_location": false,
        "content_type": [
            "actions",
            "action"
        ],
        "object_id": 24
    }
},
{
    "model": "location_plugin.location",
    "pk": 12,
    "fields": {
        "location": "Sacramento, CA",
        "lat": "38.581572",
        "lon": "-121.494400",
        "district": "CA-6",
        "state": "CA",
        "hide_location": false,
        "content_type": [
            "actions",
            "action"
        ],
        "object_id": 26
    }
},
{
    "model": "location_plugin.location",
    "pk": 13,
    "fields": {
        "location": "",
        "lat": null,
        "lon": null,
        "district": null,
        "state": null,
        "hide_location": false,
        "content_type": [
            "actions",
            "action"
        ],
        "object_id": 25
    }
},
{
    "model": "location_plugin.location",
    "pk": 19,
    "fields": {
        "location": null,
        "lat": null,
        "lon": null,
        "district": null,
        "state": null,
        "hide_location": false,
        "content_type": [
            "slates",
            "slate"
        ],
        "object_id": 10
    }
},
{
    "model": "location_plugin.location",
    "pk": 20,
    "fields": {
        "location": null,
        "lat": null,
        "lon": null,
        "district": null,
        "state": null,
        "hide_location": false,
        "content_type": [
            "slates",
            "slate"
        ],
        "object_id": 11
    }
},
{
    "model": "location_plugin.location",
    "pk": 21,
    "fields": {
        "location": null,
        "lat": null,
        "lon": null,
        "district": null,
        "state": null,
        "hide_location": false,
        "content_type": [
            "slates",
            "slate"
        ],
        "object_id": 12
    }
},
{
    "model": "django_comments.comment",
    "pk": 19,
    "fields": {
        "content_type": [
            "actions",
            "action"
        ],
        "object_pk": "9",
        "site": [
            "www.actionrising.com"
        ],
        "user": [
            "buffysummers"
        ],
        "user_name": "",
        "user_email": "",
        "user_url": "",
        "comment": "",
        "submit_date": "2016-12-08T01:00:27.057Z",
        "ip_address": null,
        "is_public": true,
        "is_removed": false
    }
},
{
    "model": "django_comments.comment",
    "pk": 20,
    "fields": {
        "content_type": [
            "actions",
            "action"
        ],
        "object_pk": "9",
        "site": [
            "www.actionrising.com"
        ],
        "user": [
            "buffysummers"
        ],
        "user_name": "",
        "user_email": "",
        "user_url": "",
        "comment": "",
        "submit_date": "2016-12-08T01:01:28.230Z",
        "ip_address": null,
        "is_public": true,
        "is_removed": false
    }
},
{
    "model": "django_comments.comment",
    "pk": 21,
    "fields": {
        "content_type": [
            "actions",
            "action"
        ],
        "object_pk": "9",
        "site": [
            "www.actionrising.com"
        ],
        "user": [
            "buffysummers"
        ],
        "user_name": "",
        "user_email": "",
        "user_url": "",
        "comment": "",
        "submit_date": "2016-12-08T01:01:40.923Z",
        "ip_address": null,
        "is_public": true,
        "is_removed": false
    }
},
{
    "model": "django_comments.comment",
    "pk": 22,
    "fields": {
        "content_type": [
            "actions",
            "action"
        ],
        "object_pk": "9",
        "site": [
            "www.actionrising.com"
        ],
        "user": [
            "buffysummers"
        ],
        "user_name": "",
        "user_email": "",
        "user_url": "",
        "comment": "",
        "submit_date": "2016-12-08T01:02:37.094Z",
        "ip_address": null,
        "is_public": true,
        "is_removed": false
    }
},
{
    "model": "actstream.follow",
    "pk": 8,
    "fields": {
        "user": [
            "giles"
        ],
        "content_type": [
            "auth",
            "user"
        ],
        "object_id": "8",
        "actor_only": false,
        "started": "2016-12-03T05:09:24.983Z"
    }
},
{
    "model": "actstream.follow",
    "pk": 9,
    "fields": {
        "user": [
            "buffysummers"
        ],
        "content_type": [
            "auth",
            "user"
        ],
        "object_id": "10",
        "actor_only": false,
        "started": "2016-12-03T05:09:25Z"
    }
},
{
    "model": "actstream.follow",
    "pk": 10,
    "fields": {
        "user": [
            "thewitch"
        ],
        "content_type": [
            "auth",
            "user"
        ],
        "object_id": "8",
        "actor_only": false,
        "started": "2016-12-03T05:09:25.026Z"
    }
},
{
    "model": "actstream.follow",
    "pk": 11,
    "fields": {
        "user": [
            "buffysummers"
        ],
        "content_type": [
            "auth",
            "user"
        ],
        "object_id": "9",
        "actor_only": false,
        "started": "2016-12-03T05:09:25.039Z"
    }
},
{
    "model": "actstream.follow",
    "pk": 13,
    "fields": {
        "user": [
            "5by5"
        ],
        "content_type": [
            "auth",
            "user"
        ],
        "object_id": "8",
        "actor_only": false,
        "started": "2016-12-03T05:09:25.088Z"
    }
},
{
    "model": "actstream.follow",
    "pk": 15,
    "fields": {
        "user": [
            "buffysummers"
        ],
        "content_type": [
            "auth",
            "user"
        ],
        "object_id": "12",
        "actor_only": false,
        "started": "2016-12-03T05:09:25.116Z"
    }
},
{
    "model": "actstream.follow",
    "pk": 17,
    "fields": {
        "user": [
            "admin"
        ],
        "content_type": [
            "auth",
            "user"
        ],
        "object_id": "9",
        "actor_only": false,
        "started": "2016-12-03T05:09:25.164Z"
    }
},
{
    "model": "actstream.follow",
    "pk": 19,
    "fields": {
        "user": [
            "admin"
        ],
        "content_type": [
            "auth",
            "user"
        ],
        "object_id": "11",
        "actor_only": false,
        "started": "2016-12-03T05:09:25.215Z"
    }
},
{
    "model": "actstream.follow",
    "pk": 21,
    "fields": {
        "user": [
            "admin"
        ],
        "content_type": [
            "auth",
            "user"
        ],
        "object_id": "10",
        "actor_only": false,
        "started": "2016-12-03T05:09:25.257Z"
    }
},
{
    "model": "actstream.follow",
    "pk": 22,
    "fields": {
        "user": [
            "admin"
        ],
        "content_type": [
            "auth",
            "user"
        ],
        "object_id": "8",
        "actor_only": false,
        "started": "2016-12-03T05:09:25.290Z"
    }
},
{
    "model": "actstream.follow",
    "pk": 23,
    "fields": {
        "user": [
            "buffysummers"
        ],
        "content_type": [
            "auth",
            "user"
        ],
        "object_id": "14",
        "actor_only": false,
        "started": "2016-12-03T05:09:25.301Z"
    }
},
{
    "model": "actstream.follow",
    "pk": 24,
    "fields": {
        "user": [
            "admin"
        ],
        "content_type": [
            "slates",
            "slate"
        ],
        "object_id": "10",
        "actor_only": false,
        "started": "2017-01-11T18:23:54.396Z"
    }
},
{
    "model": "actstream.action",
    "pk": 1,
    "fields": {
        "actor_content_type": [
            "actions",
            "action"
        ],
        "actor_object_id": "25",
        "verb": "was updated",
        "description": null,
        "target_content_type": null,
        "target_object_id": null,
        "action_object_content_type": null,
        "action_object_object_id": null,
        "timestamp": "2016-12-03T03:00:17.419Z",
        "public": true
    }
},
{
    "model": "actstream.action",
    "pk": 2,
    "fields": {
        "actor_content_type": [
            "auth",
            "user"
        ],
        "actor_object_id": "8",
        "verb": "updated",
        "description": null,
        "target_content_type": [
            "actions",
            "action"
        ],
        "target_object_id": "10",
        "action_object_content_type": null,
        "action_object_object_id": null,
        "timestamp": "2017-01-06T17:13:19.439Z",
        "public": true
    }
},
{
    "model": "actstream.action",
    "pk": 3,
    "fields": {
        "actor_content_type": [
            "auth",
            "user"
        ],
        "actor_object_id": "10",
        "verb": "updated",
        "description": null,
        "target_content_type": [
            "actions",
            "action"
        ],
        "target_object_id": "11",
        "action_object_content_type": null,
        "action_object_object_id": null,
        "timestamp": "2017-01-06T17:13:19.449Z",
        "public": true
    }
},
{
    "model": "actstream.action",
    "pk": 4,
    "fields": {
        "actor_content_type": [
            "auth",
            "user"
        ],
        "actor_object_id": "9",
        "verb": "updated",
        "description": null,
        "target_content_type": [
            "actions",
            "action"
        ],
        "target_object_id": "24",
        "action_object_content_type": null,
        "action_object_object_id": null,
        "timestamp": "2017-01-06T17:13:19.462Z",
        "public": true
    }
},
{
    "model": "actstream.action",
    "pk": 5,
    "fields": {
        "actor_content_type": [
            "actions",
            "action"
        ],
        "actor_object_id": "25",
        "verb": "was updated",
        "description": null,
        "target_content_type": null,
        "target_object_id": null,
        "action_object_content_type": null,
        "action_object_object_id": null,
        "timestamp": "2017-01-06T17:13:19.476Z",
        "public": true
    }
},
{
    "model": "actstream.action",
    "pk": 6,
    "fields": {
        "actor_content_type": [
            "auth",
            "user"
        ],
        "actor_object_id": "13",
        "verb": "updated",
        "description": null,
        "target_content_type": [
            "actions",
            "action"
        ],
        "target_object_id": "26",
        "action_object_content_type": null,
        "action_object_object_id": null,
        "timestamp": "2017-01-06T18:53:13.389Z",
        "public": true
    }
},
{
    "model": "actstream.action",
    "pk": 12,
    "fields": {
        "actor_content_type": [
            "auth",
            "user"
        ],
        "actor_object_id": "9",
        "verb": "started following",
        "description": null,
        "target_content_type": [
            "auth",
            "user"
        ],
        "target_object_id": "8",
        "action_object_content_type": null,
        "action_object_object_id": null,
        "timestamp": "2016-12-03T03:36:16.223Z",
        "public": true
    }
},
{
    "model": "actstream.action",
    "pk": 13,
    "fields": {
        "actor_content_type": [
            "auth",
            "user"
        ],
        "actor_object_id": "8",
        "verb": "started following",
        "description": null,
        "target_content_type": [
            "auth",
            "user"
        ],
        "target_object_id": "9",
        "action_object_content_type": null,
        "action_object_object_id": null,
        "timestamp": "2016-12-03T03:36:51.440Z",
        "public": true
    }
},
{
    "model": "actstream.action",
    "pk": 14,
    "fields": {
        "actor_content_type": [
            "auth",
            "user"
        ],
        "actor_object_id": "14",
        "verb": "started following",
        "description": null,
        "target_content_type": [
            "auth",
            "user"
        ],
        "target_object_id": "11",
        "action_object_content_type": null,
        "action_object_object_id": null,
        "timestamp": "2016-12-03T03:38:04.535Z",
        "public": true
    }
},
{
    "model": "actstream.action",
    "pk": 15,
    "fields": {
        "actor_content_type": [
            "auth",
            "user"
        ],
        "actor_object_id": "14",
        "verb": "started following",
        "description": null,
        "target_content_type": [
            "auth",
            "user"
        ],
        "target_object_id": "10",
        "action_object_content_type": null,
        "action_object_object_id": null,
        "timestamp": "2016-12-03T03:38:36.527Z",
        "public": true
    }
},
{
    "model": "actstream.action",
    "pk": 16,
    "fields": {
        "actor_content_type": [
            "auth",
            "user"
        ],
        "actor_object_id": "14",
        "verb": "started following",
        "description": null,
        "target_content_type": [
            "auth",
            "user"
        ],
        "target_object_id": "8",
        "action_object_content_type": null,
        "action_object_object_id": null,
        "timestamp": "2016-12-03T03:39:11.707Z",
        "public": true
    }
},
{
    "model": "actstream.action",
    "pk": 20,
    "fields": {
        "actor_content_type": [
            "auth",
            "user"
        ],
        "actor_object_id": "14",
        "verb": "created",
        "description": null,
        "target_content_type": null,
        "target_object_id": null,
        "action_object_content_type": null,
        "action_object_object_id": null,
        "timestamp": "2016-12-03T03:45:40.126Z",
        "public": true
    }
},
{
    "model": "actstream.action",
    "pk": 21,
    "fields": {
        "actor_content_type": [
            "auth",
            "user"
        ],
        "actor_object_id": "14",
        "verb": "updated",
        "description": null,
        "target_content_type": null,
        "target_object_id": null,
        "action_object_content_type": null,
        "action_object_object_id": null,
        "timestamp": "2016-12-03T03:45:40.134Z",
        "public": true
    }
},
{
    "model": "actstream.action",
    "pk": 32,
    "fields": {
        "actor_content_type": [
            "auth",
            "user"
        ],
        "actor_object_id": "8",
        "verb": "started following",
        "description": null,
        "target_content_type": [
            "auth",
            "user"
        ],
        "target_object_id": "14",
        "action_object_content_type": null,
        "action_object_object_id": null,
        "timestamp": "2016-12-03T04:04:38.534Z",
        "public": true
    }
},
{
    "model": "actstream.action",
    "pk": 37,
    "fields": {
        "actor_content_type": [
            "auth",
            "user"
        ],
        "actor_object_id": "14",
        "verb": "started following",
        "description": null,
        "target_content_type": [
            "auth",
            "user"
        ],
        "target_object_id": "8",
        "action_object_content_type": null,
        "action_object_object_id": null,
        "timestamp": "2016-12-03T04:07:29.982Z",
        "public": true
    }
},
{
    "model": "actstream.action",
    "pk": 52,
    "fields": {
        "actor_content_type": [
            "auth",
            "user"
        ],
        "actor_object_id": "10",
        "verb": "started following",
        "description": null,
        "target_content_type": [
            "auth",
            "user"
        ],
        "target_object_id": "8",
        "action_object_content_type": null,
        "action_object_object_id": null,
        "timestamp": "2016-12-03T05:09:24.987Z",
        "public": true
    }
},
{
    "model": "actstream.action",
    "pk": 53,
    "fields": {
        "actor_content_type": [
            "auth",
            "user"
        ],
        "actor_object_id": "8",
        "verb": "started following",
        "description": null,
        "target_content_type": [
            "auth",
            "user"
        ],
        "target_object_id": "10",
        "action_object_content_type": null,
        "action_object_object_id": null,
        "timestamp": "2016-12-03T05:09:25.003Z",
        "public": true
    }
},
{
    "model": "actstream.action",
    "pk": 54,
    "fields": {
        "actor_content_type": [
            "auth",
            "user"
        ],
        "actor_object_id": "9",
        "verb": "started following",
        "description": null,
        "target_content_type": [
            "auth",
            "user"
        ],
        "target_object_id": "8",
        "action_object_content_type": null,
        "action_object_object_id": null,
        "timestamp": "2016-12-03T05:09:25.030Z",
        "public": true
    }
},
{
    "model": "actstream.action",
    "pk": 55,
    "fields": {
        "actor_content_type": [
            "auth",
            "user"
        ],
        "actor_object_id": "8",
        "verb": "started following",
        "description": null,
        "target_content_type": [
            "auth",
            "user"
        ],
        "target_object_id": "9",
        "action_object_content_type": null,
        "action_object_object_id": null,
        "timestamp": "2016-12-03T05:09:25.046Z",
        "public": true
    }
},
{
    "model": "actstream.action",
    "pk": 56,
    "fields": {
        "actor_content_type": [
            "auth",
            "user"
        ],
        "actor_object_id": "8",
        "verb": "started following",
        "description": null,
        "target_content_type": [
            "auth",
            "user"
        ],
        "target_object_id": "11",
        "action_object_content_type": null,
        "action_object_object_id": null,
        "timestamp": "2016-12-03T05:09:25.068Z",
        "public": true
    }
},
{
    "model": "actstream.action",
    "pk": 57,
    "fields": {
        "actor_content_type": [
            "auth",
            "user"
        ],
        "actor_object_id": "11",
        "verb": "started following",
        "description": null,
        "target_content_type": [
            "auth",
            "user"
        ],
        "target_object_id": "8",
        "action_object_content_type": null,
        "action_object_object_id": null,
        "timestamp": "2016-12-03T05:09:25.092Z",
        "public": true
    }
},
{
    "model": "actstream.action",
    "pk": 58,
    "fields": {
        "actor_content_type": [
            "auth",
            "user"
        ],
        "actor_object_id": "12",
        "verb": "started following",
        "description": null,
        "target_content_type": [
            "auth",
            "user"
        ],
        "target_object_id": "8",
        "action_object_content_type": null,
        "action_object_object_id": null,
        "timestamp": "2016-12-03T05:09:25.109Z",
        "public": true
    }
},
{
    "model": "actstream.action",
    "pk": 59,
    "fields": {
        "actor_content_type": [
            "auth",
            "user"
        ],
        "actor_object_id": "8",
        "verb": "started following",
        "description": null,
        "target_content_type": [
            "auth",
            "user"
        ],
        "target_object_id": "12",
        "action_object_content_type": null,
        "action_object_object_id": null,
        "timestamp": "2016-12-03T05:09:25.121Z",
        "public": true
    }
},
{
    "model": "actstream.action",
    "pk": 60,
    "fields": {
        "actor_content_type": [
            "auth",
            "user"
        ],
        "actor_object_id": "9",
        "verb": "started following",
        "description": null,
        "target_content_type": [
            "auth",
            "user"
        ],
        "target_object_id": "14",
        "action_object_content_type": null,
        "action_object_object_id": null,
        "timestamp": "2016-12-03T05:09:25.157Z",
        "public": true
    }
},
{
    "model": "actstream.action",
    "pk": 61,
    "fields": {
        "actor_content_type": [
            "auth",
            "user"
        ],
        "actor_object_id": "14",
        "verb": "started following",
        "description": null,
        "target_content_type": [
            "auth",
            "user"
        ],
        "target_object_id": "9",
        "action_object_content_type": null,
        "action_object_object_id": null,
        "timestamp": "2016-12-03T05:09:25.166Z",
        "public": true
    }
},
{
    "model": "actstream.action",
    "pk": 62,
    "fields": {
        "actor_content_type": [
            "auth",
            "user"
        ],
        "actor_object_id": "11",
        "verb": "started following",
        "description": null,
        "target_content_type": [
            "auth",
            "user"
        ],
        "target_object_id": "14",
        "action_object_content_type": null,
        "action_object_object_id": null,
        "timestamp": "2016-12-03T05:09:25.202Z",
        "public": true
    }
},
{
    "model": "actstream.action",
    "pk": 63,
    "fields": {
        "actor_content_type": [
            "auth",
            "user"
        ],
        "actor_object_id": "14",
        "verb": "started following",
        "description": null,
        "target_content_type": [
            "auth",
            "user"
        ],
        "target_object_id": "11",
        "action_object_content_type": null,
        "action_object_object_id": null,
        "timestamp": "2016-12-03T05:09:25.221Z",
        "public": true
    }
},
{
    "model": "actstream.action",
    "pk": 64,
    "fields": {
        "actor_content_type": [
            "auth",
            "user"
        ],
        "actor_object_id": "10",
        "verb": "started following",
        "description": null,
        "target_content_type": [
            "auth",
            "user"
        ],
        "target_object_id": "14",
        "action_object_content_type": null,
        "action_object_object_id": null,
        "timestamp": "2016-12-03T05:09:25.250Z",
        "public": true
    }
},
{
    "model": "actstream.action",
    "pk": 65,
    "fields": {
        "actor_content_type": [
            "auth",
            "user"
        ],
        "actor_object_id": "14",
        "verb": "started following",
        "description": null,
        "target_content_type": [
            "auth",
            "user"
        ],
        "target_object_id": "10",
        "action_object_content_type": null,
        "action_object_object_id": null,
        "timestamp": "2016-12-03T05:09:25.260Z",
        "public": true
    }
},
{
    "model": "actstream.action",
    "pk": 66,
    "fields": {
        "actor_content_type": [
            "auth",
            "user"
        ],
        "actor_object_id": "14",
        "verb": "started following",
        "description": null,
        "target_content_type": [
            "auth",
            "user"
        ],
        "target_object_id": "8",
        "action_object_content_type": null,
        "action_object_object_id": null,
        "timestamp": "2016-12-03T05:09:25.292Z",
        "public": true
    }
},
{
    "model": "actstream.action",
    "pk": 67,
    "fields": {
        "actor_content_type": [
            "auth",
            "user"
        ],
        "actor_object_id": "8",
        "verb": "started following",
        "description": null,
        "target_content_type": [
            "auth",
            "user"
        ],
        "target_object_id": "14",
        "action_object_content_type": null,
        "action_object_object_id": null,
        "timestamp": "2016-12-03T05:09:25.306Z",
        "public": true
    }
},
{
    "model": "actstream.action",
    "pk": 93,
    "fields": {
        "actor_content_type": [
            "auth",
            "user"
        ],
        "actor_object_id": "8",
        "verb": "commented on",
        "description": null,
        "target_content_type": [
            "actions",
            "action"
        ],
        "target_object_id": "9",
        "action_object_content_type": null,
        "action_object_object_id": null,
        "timestamp": "2016-12-08T01:02:37.103Z",
        "public": true
    }
},
{
    "model": "actstream.action",
    "pk": 94,
    "fields": {
        "actor_content_type": [
            "auth",
            "user"
        ],
        "actor_object_id": "8",
        "verb": "updated",
        "description": null,
        "target_content_type": [
            "actions",
            "action"
        ],
        "target_object_id": "10",
        "action_object_content_type": null,
        "action_object_object_id": null,
        "timestamp": "2017-01-06T17:17:06.412Z",
        "public": true
    }
},
{
    "model": "actstream.action",
    "pk": 95,
    "fields": {
        "actor_content_type": [
            "auth",
            "user"
        ],
        "actor_object_id": "8",
        "verb": "updated",
        "description": null,
        "target_content_type": [
            "actions",
            "action"
        ],
        "target_object_id": "10",
        "action_object_content_type": null,
        "action_object_object_id": null,
        "timestamp": "2017-01-06T17:17:16.460Z",
        "public": true
    }
},
{
    "model": "actstream.action",
    "pk": 96,
    "fields": {
        "actor_content_type": [
            "auth",
            "user"
        ],
        "actor_object_id": "8",
        "verb": "updated",
        "description": null,
        "target_content_type": [
            "actions",
            "action"
        ],
        "target_object_id": "10",
        "action_object_content_type": null,
        "action_object_object_id": null,
        "timestamp": "2017-01-06T17:17:52.917Z",
        "public": true
    }
},
{
    "model": "actstream.action",
    "pk": 97,
    "fields": {
        "actor_content_type": [
            "auth",
            "user"
        ],
        "actor_object_id": "8",
        "verb": "updated",
        "description": null,
        "target_content_type": [
            "actions",
            "action"
        ],
        "target_object_id": "10",
        "action_object_content_type": null,
        "action_object_object_id": null,
        "timestamp": "2017-01-06T17:17:53.396Z",
        "public": true
    }
},
{
    "model": "actstream.action",
    "pk": 98,
    "fields": {
        "actor_content_type": [
            "auth",
            "user"
        ],
        "actor_object_id": "8",
        "verb": "updated",
        "description": null,
        "target_content_type": [
            "actions",
            "action"
        ],
        "target_object_id": "10",
        "action_object_content_type": null,
        "action_object_object_id": null,
        "timestamp": "2017-01-06T17:17:53.406Z",
        "public": true
    }
},
{
    "model": "actstream.action",
    "pk": 99,
    "fields": {
        "actor_content_type": [
            "auth",
            "user"
        ],
        "actor_object_id": "9",
        "verb": "updated",
        "description": null,
        "target_content_type": [
            "actions",
            "action"
        ],
        "target_object_id": "9",
        "action_object_content_type": null,
        "action_object_object_id": null,
        "timestamp": "2017-01-06T17:19:36.063Z",
        "public": true
    }
},
{
    "model": "actstream.action",
    "pk": 100,
    "fields": {
        "actor_content_type": [
            "auth",
            "user"
        ],
        "actor_object_id": "9",
        "verb": "updated",
        "description": null,
        "target_content_type": [
            "actions",
            "action"
        ],
        "target_object_id": "9",
        "action_object_content_type": null,
        "action_object_object_id": null,
        "timestamp": "2017-01-06T17:19:36.850Z",
        "public": true
    }
},
{
    "model": "actstream.action",
    "pk": 101,
    "fields": {
        "actor_content_type": [
            "auth",
            "user"
        ],
        "actor_object_id": "9",
        "verb": "updated",
        "description": null,
        "target_content_type": [
            "actions",
            "action"
        ],
        "target_object_id": "9",
        "action_object_content_type": null,
        "action_object_object_id": null,
        "timestamp": "2017-01-06T17:19:36.859Z",
        "public": true
    }
},
{
    "model": "actstream.action",
    "pk": 102,
    "fields": {
        "actor_content_type": [
            "auth",
            "user"
        ],
        "actor_object_id": "13",
        "verb": "created",
        "description": null,
        "target_content_type": [
            "actions",
            "action"
        ],
        "target_object_id": "26",
        "action_object_content_type": null,
        "action_object_object_id": null,
        "timestamp": "2017-01-06T17:21:26.203Z",
        "public": true
    }
},
{
    "model": "actstream.action",
    "pk": 103,
    "fields": {
        "actor_content_type": [
            "auth",
            "user"
        ],
        "actor_object_id": "14",
        "verb": "took on",
        "description": null,
        "target_content_type": [
            "actions",
            "action"
        ],
        "target_object_id": "26",
        "action_object_content_type": null,
        "action_object_object_id": null,
        "timestamp": "2017-01-11T18:19:45.078Z",
        "public": true
    }
},
{
    "model": "actstream.action",
    "pk": 104,
    "fields": {
        "actor_content_type": [
            "auth",
            "user"
        ],
        "actor_object_id": "14",
        "verb": "started following",
        "description": null,
        "target_content_type": [
            "slates",
            "slate"
        ],
        "target_object_id": "10",
        "action_object_content_type": null,
        "action_object_object_id": null,
        "timestamp": "2017-01-11T18:23:54.406Z",
        "public": true
    }
},
{
    "model": "actstream.action",
    "pk": 114,
    "fields": {
        "actor_content_type": [
            "actions",
            "action"
        ],
        "actor_object_id": "25",
        "verb": "was updated",
        "description": null,
        "target_content_type": null,
        "target_object_id": null,
        "action_object_content_type": null,
        "action_object_object_id": null,
        "timestamp": "2017-01-12T02:29:54.708Z",
        "public": true
    }
},
{
    "model": "actstream.action",
    "pk": 115,
    "fields": {
        "actor_content_type": [
            "actions",
            "action"
        ],
        "actor_object_id": "25",
        "verb": "was updated",
        "description": null,
        "target_content_type": null,
        "target_object_id": null,
        "action_object_content_type": null,
        "action_object_object_id": null,
        "timestamp": "2017-01-12T02:29:54.740Z",
        "public": true
    }
},
{
    "model": "actstream.action",
    "pk": 117,
    "fields": {
        "actor_content_type": [
            "actions",
            "action"
        ],
        "actor_object_id": "25",
        "verb": "was updated",
        "description": null,
        "target_content_type": null,
        "target_object_id": null,
        "action_object_content_type": null,
        "action_object_object_id": null,
        "timestamp": "2017-01-12T17:39:38.355Z",
        "public": true
    }
},
{
    "model": "actstream.action",
    "pk": 118,
    "fields": {
        "actor_content_type": [
            "actions",
            "action"
        ],
        "actor_object_id": "25",
        "verb": "was updated",
        "description": null,
        "target_content_type": null,
        "target_object_id": null,
        "action_object_content_type": null,
        "action_object_object_id": null,
        "timestamp": "2017-01-12T17:39:38.367Z",
        "public": true
    }
},
{
    "model": "actstream.action",
    "pk": 119,
    "fields": {
        "actor_content_type": [
            "actions",
            "action"
        ],
        "actor_object_id": "25",
        "verb": "was updated",
        "description": null,
        "target_content_type": null,
        "target_object_id": null,
        "action_object_content_type": null,
        "action_object_object_id": null,
        "timestamp": "2017-01-12T18:01:21.492Z",
        "public": true
    }
},
{
    "model": "actstream.action",
    "pk": 120,
    "fields": {
        "actor_content_type": [
            "actions",
            "action"
        ],
        "actor_object_id": "25",
        "verb": "was updated",
        "description": null,
        "target_content_type": null,
        "target_object_id": null,
        "action_object_content_type": null,
        "action_object_object_id": null,
        "timestamp": "2017-01-12T18:01:21.508Z",
        "public": true
    }
},
{
    "model": "actstream.action",
    "pk": 121,
    "fields": {
        "actor_content_type": [
            "actions",
            "action"
        ],
        "actor_object_id": "25",
        "verb": "was updated",
        "description": null,
        "target_content_type": null,
        "target_object_id": null,
        "action_object_content_type": null,
        "action_object_object_id": null,
        "timestamp": "2017-01-12T18:01:38.198Z",
        "public": true
    }
},
{
    "model": "actstream.action",
    "pk": 122,
    "fields": {
        "actor_content_type": [
            "actions",
            "action"
        ],
        "actor_object_id": "25",
        "verb": "was updated",
        "description": null,
        "target_content_type": null,
        "target_object_id": null,
        "action_object_content_type": null,
        "action_object_object_id": null,
        "timestamp": "2017-01-12T18:01:38.211Z",
        "public": true
    }
},
{
    "model": "actstream.action",
    "pk": 123,
    "fields": {
        "actor_content_type": [
            "actions",
            "action"
        ],
        "actor_object_id": "25",
        "verb": "was updated",
        "description": null,
        "target_content_type": null,
        "target_object_id": null,
        "action_object_content_type": null,
        "action_object_object_id": null,
        "timestamp": "2017-01-12T18:13:56.456Z",
        "public": true
    }
},
{
    "model": "actstream.action",
    "pk": 124,
    "fields": {
        "actor_content_type": [
            "actions",
            "action"
        ],
        "actor_object_id": "25",
        "verb": "was updated",
        "description": null,
        "target_content_type": null,
        "target_object_id": null,
        "action_object_content_type": null,
        "action_object_object_id": null,
        "timestamp": "2017-01-12T18:13:56.470Z",
        "public": true
    }
},
{
    "model": "actstream.action",
    "pk": 125,
    "fields": {
        "actor_content_type": [
            "actions",
            "action"
        ],
        "actor_object_id": "25",
        "verb": "was updated",
        "description": null,
        "target_content_type": null,
        "target_object_id": null,
        "action_object_content_type": null,
        "action_object_object_id": null,
        "timestamp": "2017-01-12T18:29:46.507Z",
        "public": true
    }
},
{
    "model": "actstream.action",
    "pk": 126,
    "fields": {
        "actor_content_type": [
            "actions",
            "action"
        ],
        "actor_object_id": "25",
        "verb": "was updated",
        "description": null,
        "target_content_type": null,
        "target_object_id": null,
        "action_object_content_type": null,
        "action_object_object_id": null,
        "timestamp": "2017-01-12T18:30:16.140Z",
        "public": true
    }
},
{
    "model": "actstream.action",
    "pk": 127,
    "fields": {
        "actor_content_type": [
            "actions",
            "action"
        ],
        "actor_object_id": "25",
        "verb": "was updated",
        "description": null,
        "target_content_type": null,
        "target_object_id": null,
        "action_object_content_type": null,
        "action_object_object_id": null,
        "timestamp": "2017-01-12T18:30:36.376Z",
        "public": true
    }
},
{
    "model": "actstream.action",
    "pk": 128,
    "fields": {
        "actor_content_type": [
            "actions",
            "action"
        ],
        "actor_object_id": "25",
        "verb": "was updated",
        "description": null,
        "target_content_type": null,
        "target_object_id": null,
        "action_object_content_type": null,
        "action_object_object_id": null,
        "timestamp": "2017-01-12T18:30:36.405Z",
        "public": true
    }
},
{
    "model": "actstream.action",
    "pk": 129,
    "fields": {
        "actor_content_type": [
            "actions",
            "action"
        ],
        "actor_object_id": "25",
        "verb": "was updated",
        "description": null,
        "target_content_type": null,
        "target_object_id": null,
        "action_object_content_type": null,
        "action_object_object_id": null,
        "timestamp": "2017-01-12T18:30:46.495Z",
        "public": true
    }
},
{
    "model": "actstream.action",
    "pk": 130,
    "fields": {
        "actor_content_type": [
            "actions",
            "action"
        ],
        "actor_object_id": "25",
        "verb": "was updated",
        "description": null,
        "target_content_type": null,
        "target_object_id": null,
        "action_object_content_type": null,
        "action_object_object_id": null,
        "timestamp": "2017-01-12T18:30:46.517Z",
        "public": true
    }
},
{
    "model": "actstream.action",
    "pk": 131,
    "fields": {
        "actor_content_type": [
            "actions",
            "action"
        ],
        "actor_object_id": "25",
        "verb": "was updated",
        "description": null,
        "target_content_type": null,
        "target_object_id": null,
        "action_object_content_type": null,
        "action_object_object_id": null,
        "timestamp": "2017-01-12T18:34:14.655Z",
        "public": true
    }
},
{
    "model": "actstream.action",
    "pk": 132,
    "fields": {
        "actor_content_type": [
            "actions",
            "action"
        ],
        "actor_object_id": "25",
        "verb": "was updated",
        "description": null,
        "target_content_type": null,
        "target_object_id": null,
        "action_object_content_type": null,
        "action_object_object_id": null,
        "timestamp": "2017-01-12T18:34:14.675Z",
        "public": true
    }
},
{
    "model": "actstream.action",
    "pk": 133,
    "fields": {
        "actor_content_type": [
            "actions",
            "action"
        ],
        "actor_object_id": "25",
        "verb": "was updated",
        "description": null,
        "target_content_type": null,
        "target_object_id": null,
        "action_object_content_type": null,
        "action_object_object_id": null,
        "timestamp": "2017-01-12T18:34:21.625Z",
        "public": true
    }
},
{
    "model": "actstream.action",
    "pk": 134,
    "fields": {
        "actor_content_type": [
            "actions",
            "action"
        ],
        "actor_object_id": "25",
        "verb": "was updated",
        "description": null,
        "target_content_type": null,
        "target_object_id": null,
        "action_object_content_type": null,
        "action_object_object_id": null,
        "timestamp": "2017-01-12T18:34:21.642Z",
        "public": true
    }
},
{
    "model": "actstream.action",
    "pk": 135,
    "fields": {
        "actor_content_type": [
            "actions",
            "action"
        ],
        "actor_object_id": "25",
        "verb": "was updated",
        "description": null,
        "target_content_type": null,
        "target_object_id": null,
        "action_object_content_type": null,
        "action_object_object_id": null,
        "timestamp": "2017-01-13T01:20:30.732Z",
        "public": true
    }
},
{
    "model": "actstream.action",
    "pk": 136,
    "fields": {
        "actor_content_type": [
            "actions",
            "action"
        ],
        "actor_object_id": "25",
        "verb": "was updated",
        "description": null,
        "target_content_type": null,
        "target_object_id": null,
        "action_object_content_type": null,
        "action_object_object_id": null,
        "timestamp": "2017-01-13T01:20:31.195Z",
        "public": true
    }
},
{
    "model": "actstream.action",
    "pk": 137,
    "fields": {
        "actor_content_type": [
            "actions",
            "action"
        ],
        "actor_object_id": "25",
        "verb": "was updated",
        "description": null,
        "target_content_type": null,
        "target_object_id": null,
        "action_object_content_type": null,
        "action_object_object_id": null,
        "timestamp": "2017-01-13T01:20:31.204Z",
        "public": true
    }
},
{
    "model": "actstream.action",
    "pk": 138,
    "fields": {
        "actor_content_type": [
            "actions",
            "action"
        ],
        "actor_object_id": "10",
        "verb": "was updated",
        "description": null,
        "target_content_type": null,
        "target_object_id": null,
        "action_object_content_type": null,
        "action_object_object_id": null,
        "timestamp": "2017-01-23T02:46:27.460Z",
        "public": true
    }
},
{
    "model": "actstream.action",
    "pk": 139,
    "fields": {
        "actor_content_type": [
            "actions",
            "action"
        ],
        "actor_object_id": "10",
        "verb": "was updated",
        "description": null,
        "target_content_type": null,
        "target_object_id": null,
        "action_object_content_type": null,
        "action_object_object_id": null,
        "timestamp": "2017-01-23T02:46:27.482Z",
        "public": true
    }
},
{
    "model": "actstream.action",
    "pk": 140,
    "fields": {
        "actor_content_type": [
            "actions",
            "action"
        ],
        "actor_object_id": "10",
        "verb": "was updated",
        "description": null,
        "target_content_type": null,
        "target_object_id": null,
        "action_object_content_type": null,
        "action_object_object_id": null,
        "timestamp": "2017-01-23T02:46:40.971Z",
        "public": true
    }
},
{
    "model": "actstream.action",
    "pk": 141,
    "fields": {
        "actor_content_type": [
            "actions",
            "action"
        ],
        "actor_object_id": "10",
        "verb": "was updated",
        "description": null,
        "target_content_type": null,
        "target_object_id": null,
        "action_object_content_type": null,
        "action_object_object_id": null,
        "timestamp": "2017-01-23T02:46:40.986Z",
        "public": true
    }
},
{
    "model": "actstream.action",
    "pk": 142,
    "fields": {
        "actor_content_type": [
            "actions",
            "action"
        ],
        "actor_object_id": "10",
        "verb": "was updated",
        "description": null,
        "target_content_type": null,
        "target_object_id": null,
        "action_object_content_type": null,
        "action_object_object_id": null,
        "timestamp": "2017-01-23T03:51:04.639Z",
        "public": true
    }
},
{
    "model": "actstream.action",
    "pk": 143,
    "fields": {
        "actor_content_type": [
            "actions",
            "action"
        ],
        "actor_object_id": "10",
        "verb": "was updated",
        "description": null,
        "target_content_type": null,
        "target_object_id": null,
        "action_object_content_type": null,
        "action_object_object_id": null,
        "timestamp": "2017-01-23T03:51:04.654Z",
        "public": true
    }
},
{
    "model": "actstream.action",
    "pk": 144,
    "fields": {
        "actor_content_type": [
            "actions",
            "action"
        ],
        "actor_object_id": "10",
        "verb": "was updated",
        "description": null,
        "target_content_type": null,
        "target_object_id": null,
        "action_object_content_type": null,
        "action_object_object_id": null,
        "timestamp": "2017-01-23T04:00:36.771Z",
        "public": true
    }
},
{
    "model": "actstream.action",
    "pk": 145,
    "fields": {
        "actor_content_type": [
            "actions",
            "action"
        ],
        "actor_object_id": "10",
        "verb": "was updated",
        "description": null,
        "target_content_type": null,
        "target_object_id": null,
        "action_object_content_type": null,
        "action_object_object_id": null,
        "timestamp": "2017-01-23T04:00:36.796Z",
        "public": true
    }
},
{
    "model": "actstream.action",
    "pk": 157,
    "fields": {
        "actor_content_type": [
            "auth",
            "user"
        ],
        "actor_object_id": "8",
        "verb": "took on",
        "description": null,
        "target_content_type": [
            "actions",
            "action"
        ],
        "target_object_id": "10",
        "action_object_content_type": null,
        "action_object_object_id": null,
        "timestamp": "2017-01-24T02:42:34.176Z",
        "public": true
    }
},
{
    "model": "actstream.action",
    "pk": 158,
    "fields": {
        "actor_content_type": [
            "actions",
            "action"
        ],
        "actor_object_id": "10",
        "verb": "was updated",
        "description": null,
        "target_content_type": null,
        "target_object_id": null,
        "action_object_content_type": null,
        "action_object_object_id": null,
        "timestamp": "2017-01-24T03:03:09.098Z",
        "public": true
    }
},
{
    "model": "actstream.action",
    "pk": 159,
    "fields": {
        "actor_content_type": [
            "actions",
            "action"
        ],
        "actor_object_id": "25",
        "verb": "was updated",
        "description": null,
        "target_content_type": null,
        "target_object_id": null,
        "action_object_content_type": null,
        "action_object_object_id": null,
        "timestamp": "2017-01-24T03:14:46.276Z",
        "public": true
    }
},
{
    "model": "actstream.action",
    "pk": 160,
    "fields": {
        "actor_content_type": [
            "actions",
            "action"
        ],
        "actor_object_id": "25",
        "verb": "was updated",
        "description": null,
        "target_content_type": null,
        "target_object_id": null,
        "action_object_content_type": null,
        "action_object_object_id": null,
        "timestamp": "2017-01-24T03:16:14.363Z",
        "public": true
    }
},
{
    "model": "actstream.action",
    "pk": 315,
    "fields": {
        "actor_content_type": [
            "auth",
            "user"
        ],
        "actor_object_id": "9",
        "verb": "updated",
        "description": null,
        "target_content_type": [
            "actions",
            "action"
        ],
        "target_object_id": "302",
        "action_object_content_type": null,
        "action_object_object_id": null,
        "timestamp": "2017-01-06T17:19:36.859Z",
        "public": true
    }
},
{
    "model": "actstream.action",
    "pk": 316,
    "fields": {
        "actor_content_type": [
            "auth",
            "user"
        ],
        "actor_object_id": "12",
        "verb": "updated",
        "description": null,
        "target_content_type": [
            "actions",
            "action"
        ],
        "target_object_id": "303",
        "action_object_content_type": null,
        "action_object_object_id": null,
        "timestamp": "2017-01-06T17:19:36.859Z",
        "public": true
    }
},
{
    "model": "actstream.action",
    "pk": 317,
    "fields": {
        "actor_content_type": [
            "auth",
            "user"
        ],
        "actor_object_id": "308",
        "verb": "updated",
        "description": null,
        "target_content_type": [
            "actions",
            "action"
        ],
        "target_object_id": "305",
        "action_object_content_type": null,
        "action_object_object_id": null,
        "timestamp": "2017-01-06T17:19:36.859Z",
        "public": true
    }
},
{
    "model": "actstream.action",
    "pk": 318,
    "fields": {
        "actor_content_type": [
            "auth",
            "user"
        ],
        "actor_object_id": "9",
        "verb": "took on",
        "description": null,
        "target_content_type": [
            "actions",
            "action"
        ],
        "target_object_id": "305",
        "action_object_content_type": null,
        "action_object_object_id": null,
        "timestamp": "2017-01-06T17:19:36.859Z",
        "public": true
    }
},
{
    "model": "admin.logentry",
    "pk": 72,
    "fields": {
        "action_time": "2016-11-16T03:06:18.991Z",
        "user": [
            "buffysummers"
        ],
        "content_type": [
            "auth",
            "user"
        ],
        "object_id": "8",
        "object_repr": "buffysummers",
        "action_flag": 2,
        "change_message": "[{\"changed\": {\"fields\": [\"first_name\", \"last_name\"]}}]"
    }
},
{
    "model": "admin.logentry",
    "pk": 73,
    "fields": {
        "action_time": "2016-11-16T03:06:40.214Z",
        "user": [
            "buffysummers"
        ],
        "content_type": [
            "auth",
            "user"
        ],
        "object_id": "9",
        "object_repr": "thewitch",
        "action_flag": 1,
        "change_message": "[{\"added\": {}}]"
    }
},
{
    "model": "admin.logentry",
    "pk": 74,
    "fields": {
        "action_time": "2016-11-16T03:07:03.936Z",
        "user": [
            "buffysummers"
        ],
        "content_type": [
            "auth",
            "user"
        ],
        "object_id": "10",
        "object_repr": "giles",
        "action_flag": 1,
        "change_message": "[{\"added\": {}}]"
    }
},
{
    "model": "admin.logentry",
    "pk": 75,
    "fields": {
        "action_time": "2016-11-16T03:07:15.815Z",
        "user": [
            "buffysummers"
        ],
        "content_type": [
            "auth",
            "user"
        ],
        "object_id": "10",
        "object_repr": "giles",
        "action_flag": 2,
        "change_message": "[{\"changed\": {\"fields\": [\"first_name\", \"last_name\"]}}]"
    }
},
{
    "model": "admin.logentry",
    "pk": 76,
    "fields": {
        "action_time": "2016-11-16T03:07:28.526Z",
        "user": [
            "buffysummers"
        ],
        "content_type": [
            "auth",
            "user"
        ],
        "object_id": "9",
        "object_repr": "thewitch",
        "action_flag": 2,
        "change_message": "[{\"changed\": {\"fields\": [\"first_name\"]}}]"
    }
},
{
    "model": "admin.logentry",
    "pk": 77,
    "fields": {
        "action_time": "2016-11-16T03:07:51.713Z",
        "user": [
            "buffysummers"
        ],
        "content_type": null,
        "object_id": "4",
        "object_repr": "Phone Campaign",
        "action_flag": 1,
        "change_message": "[{\"added\": {}}]"
    }
},
{
    "model": "admin.logentry",
    "pk": 78,
    "fields": {
        "action_time": "2016-11-16T03:08:01.709Z",
        "user": [
            "buffysummers"
        ],
        "content_type": null,
        "object_id": "5",
        "object_repr": "Boycott",
        "action_flag": 1,
        "change_message": "[{\"added\": {}}]"
    }
},
{
    "model": "admin.logentry",
    "pk": 79,
    "fields": {
        "action_time": "2016-11-16T03:08:22.490Z",
        "user": [
            "buffysummers"
        ],
        "content_type": null,
        "object_id": "6",
        "object_repr": "Making Art",
        "action_flag": 1,
        "change_message": "[{\"added\": {}}]"
    }
},
{
    "model": "admin.logentry",
    "pk": 80,
    "fields": {
        "action_time": "2016-11-16T03:08:36.105Z",
        "user": [
            "buffysummers"
        ],
        "content_type": null,
        "object_id": "5",
        "object_repr": "Climate Change",
        "action_flag": 1,
        "change_message": "[{\"added\": {}}]"
    }
},
{
    "model": "admin.logentry",
    "pk": 81,
    "fields": {
        "action_time": "2016-11-16T03:08:48.132Z",
        "user": [
            "buffysummers"
        ],
        "content_type": null,
        "object_id": "6",
        "object_repr": "Supreme Court",
        "action_flag": 1,
        "change_message": "[{\"added\": {}}]"
    }
},
{
    "model": "admin.logentry",
    "pk": 82,
    "fields": {
        "action_time": "2016-11-16T03:08:58.712Z",
        "user": [
            "buffysummers"
        ],
        "content_type": null,
        "object_id": "7",
        "object_repr": "Immigration",
        "action_flag": 1,
        "change_message": "[{\"added\": {}}]"
    }
},
{
    "model": "admin.logentry",
    "pk": 83,
    "fields": {
        "action_time": "2016-11-16T03:10:06.904Z",
        "user": [
            "buffysummers"
        ],
        "content_type": [
            "actions",
            "action"
        ],
        "object_id": "9",
        "object_repr": "denounce-bannon",
        "action_flag": 1,
        "change_message": "[{\"added\": {}}]"
    }
},
{
    "model": "admin.logentry",
    "pk": 84,
    "fields": {
        "action_time": "2016-11-16T03:10:32.800Z",
        "user": [
            "buffysummers"
        ],
        "content_type": [
            "actions",
            "action"
        ],
        "object_id": "9",
        "object_repr": "Denounce Trump's proposed appointment of Steve Bannon",
        "action_flag": 2,
        "change_message": "[{\"changed\": {\"fields\": [\"slug\", \"title\"]}}]"
    }
},
{
    "model": "admin.logentry",
    "pk": 85,
    "fields": {
        "action_time": "2016-11-16T03:11:16.898Z",
        "user": [
            "buffysummers"
        ],
        "content_type": [
            "actions",
            "action"
        ],
        "object_id": "10",
        "object_repr": "Sign petition to make Boston a sanctuary city",
        "action_flag": 1,
        "change_message": "[{\"added\": {}}]"
    }
},
{
    "model": "admin.logentry",
    "pk": 86,
    "fields": {
        "action_time": "2016-11-16T03:11:49.123Z",
        "user": [
            "buffysummers"
        ],
        "content_type": [
            "actions",
            "action"
        ],
        "object_id": "11",
        "object_repr": "Donate to Planned Parenthood",
        "action_flag": 1,
        "change_message": "[{\"added\": {}}]"
    }
},
{
    "model": "admin.logentry",
    "pk": 87,
    "fields": {
        "action_time": "2016-11-16T03:12:01.423Z",
        "user": [
            "buffysummers"
        ],
        "content_type": null,
        "object_id": "7",
        "object_repr": "Donation",
        "action_flag": 1,
        "change_message": "[{\"added\": {}}]"
    }
},
{
    "model": "admin.logentry",
    "pk": 88,
    "fields": {
        "action_time": "2016-11-16T03:12:18.362Z",
        "user": [
            "buffysummers"
        ],
        "content_type": [
            "actions",
            "action"
        ],
        "object_id": "11",
        "object_repr": "Donate to Planned Parenthood",
        "action_flag": 2,
        "change_message": "[]"
    }
},
{
    "model": "admin.logentry",
    "pk": 89,
    "fields": {
        "action_time": "2016-11-16T03:13:01.638Z",
        "user": [
            "buffysummers"
        ],
        "content_type": null,
        "object_id": "4",
        "object_repr": "november-saturday",
        "action_flag": 1,
        "change_message": "[{\"added\": {}}]"
    }
},
{
    "model": "admin.logentry",
    "pk": 90,
    "fields": {
        "action_time": "2016-11-16T03:13:16.824Z",
        "user": [
            "buffysummers"
        ],
        "content_type": null,
        "object_id": "16",
        "object_repr": "SlateActionRelationship object",
        "action_flag": 1,
        "change_message": "[{\"added\": {}}]"
    }
},
{
    "model": "admin.logentry",
    "pk": 91,
    "fields": {
        "action_time": "2016-11-16T03:13:25.663Z",
        "user": [
            "buffysummers"
        ],
        "content_type": null,
        "object_id": "17",
        "object_repr": "SlateActionRelationship object",
        "action_flag": 1,
        "change_message": "[{\"added\": {}}]"
    }
},
{
    "model": "admin.logentry",
    "pk": 92,
    "fields": {
        "action_time": "2016-11-16T03:13:33.840Z",
        "user": [
            "buffysummers"
        ],
        "content_type": null,
        "object_id": "18",
        "object_repr": "SlateActionRelationship object",
        "action_flag": 1,
        "change_message": "[{\"added\": {}}]"
    }
},
{
    "model": "admin.logentry",
    "pk": 115,
    "fields": {
        "action_time": "2016-11-28T22:22:33.959Z",
        "user": [
            "buffysummers"
        ],
        "content_type": [
            "auth",
            "user"
        ],
        "object_id": "11",
        "object_repr": "5by5",
        "action_flag": 1,
        "change_message": "[{\"added\": {}}]"
    }
},
{
    "model": "admin.logentry",
    "pk": 116,
    "fields": {
        "action_time": "2016-11-28T22:22:43.900Z",
        "user": [
            "buffysummers"
        ],
        "content_type": [
            "auth",
            "user"
        ],
        "object_id": "11",
        "object_repr": "5by5",
        "action_flag": 2,
        "change_message": "[{\"changed\": {\"fields\": [\"first_name\", \"last_name\"]}}]"
    }
},
{
    "model": "admin.logentry",
    "pk": 117,
    "fields": {
        "action_time": "2016-11-28T22:23:30.384Z",
        "user": [
            "buffysummers"
        ],
        "content_type": [
            "auth",
            "user"
        ],
        "object_id": "12",
        "object_repr": "tara_m",
        "action_flag": 1,
        "change_message": "[{\"added\": {}}]"
    }
},
{
    "model": "admin.logentry",
    "pk": 118,
    "fields": {
        "action_time": "2016-11-28T22:23:45.340Z",
        "user": [
            "buffysummers"
        ],
        "content_type": [
            "auth",
            "user"
        ],
        "object_id": "12",
        "object_repr": "tara_m",
        "action_flag": 2,
        "change_message": "[{\"changed\": {\"fields\": [\"first_name\"]}}]"
    }
},
{
    "model": "admin.logentry",
    "pk": 119,
    "fields": {
        "action_time": "2016-11-28T22:24:08.410Z",
        "user": [
            "buffysummers"
        ],
        "content_type": [
            "profiles",
            "privacydefaults"
        ],
        "object_id": "8",
        "object_repr": "Privacy defaults for 5by5",
        "action_flag": 2,
        "change_message": "[{\"changed\": {\"fields\": [\"global_default\"]}}]"
    }
},
{
    "model": "admin.logentry",
    "pk": 120,
    "fields": {
        "action_time": "2016-11-28T22:24:14.154Z",
        "user": [
            "buffysummers"
        ],
        "content_type": [
            "profiles",
            "privacydefaults"
        ],
        "object_id": "7",
        "object_repr": "Privacy defaults for giles",
        "action_flag": 2,
        "change_message": "[{\"changed\": {\"fields\": [\"global_default\"]}}]"
    }
},
{
    "model": "admin.logentry",
    "pk": 121,
    "fields": {
        "action_time": "2016-11-28T22:25:23.417Z",
        "user": [
            "buffysummers"
        ],
        "content_type": [
            "profiles",
            "profileactionrelationship"
        ],
        "object_id": "17",
        "object_repr": "Relationship of profile thewitch and action Donate to Planned Parenthood",
        "action_flag": 1,
        "change_message": "[{\"added\": {}}]"
    }
},
{
    "model": "admin.logentry",
    "pk": 122,
    "fields": {
        "action_time": "2016-11-28T22:26:22.083Z",
        "user": [
            "buffysummers"
        ],
        "content_type": [
            "django_comments",
            "comment"
        ],
        "object_id": "8",
        "object_repr": "shauna: Another comment!...",
        "action_flag": 3,
        "change_message": ""
    }
},
{
    "model": "admin.logentry",
    "pk": 123,
    "fields": {
        "action_time": "2016-11-28T22:26:22.087Z",
        "user": [
            "buffysummers"
        ],
        "content_type": [
            "django_comments",
            "comment"
        ],
        "object_id": "7",
        "object_repr": "shauna: A comment!...",
        "action_flag": 3,
        "change_message": ""
    }
},
{
    "model": "admin.logentry",
    "pk": 124,
    "fields": {
        "action_time": "2016-11-28T22:26:22.090Z",
        "user": [
            "buffysummers"
        ],
        "content_type": [
            "django_comments",
            "comment"
        ],
        "object_id": "6",
        "object_repr": "shauna: I love slates....",
        "action_flag": 3,
        "change_message": ""
    }
},
{
    "model": "admin.logentry",
    "pk": 125,
    "fields": {
        "action_time": "2016-11-28T22:26:22.093Z",
        "user": [
            "buffysummers"
        ],
        "content_type": [
            "django_comments",
            "comment"
        ],
        "object_id": "5",
        "object_repr": "shauna: And here's another comment....",
        "action_flag": 3,
        "change_message": ""
    }
},
{
    "model": "admin.logentry",
    "pk": 126,
    "fields": {
        "action_time": "2016-11-28T22:26:22.096Z",
        "user": [
            "buffysummers"
        ],
        "content_type": [
            "django_comments",
            "comment"
        ],
        "object_id": "4",
        "object_repr": "shauna: I've got a comment yo....",
        "action_flag": 3,
        "change_message": ""
    }
},
{
    "model": "admin.logentry",
    "pk": 127,
    "fields": {
        "action_time": "2016-11-28T22:26:22.099Z",
        "user": [
            "buffysummers"
        ],
        "content_type": [
            "django_comments",
            "comment"
        ],
        "object_id": "3",
        "object_repr": "shauna: I've got a comment to say!...",
        "action_flag": 3,
        "change_message": ""
    }
},
{
    "model": "admin.logentry",
    "pk": 128,
    "fields": {
        "action_time": "2016-11-28T22:26:40.568Z",
        "user": [
            "buffysummers"
        ],
        "content_type": null,
        "object_id": "4",
        "object_repr": "november-saturday",
        "action_flag": 3,
        "change_message": ""
    }
},
{
    "model": "admin.logentry",
    "pk": 129,
    "fields": {
        "action_time": "2016-11-28T22:27:15.389Z",
        "user": [
            "buffysummers"
        ],
        "content_type": null,
        "object_id": "10",
        "object_repr": "things-to-do-on-the-hellmouth",
        "action_flag": 1,
        "change_message": "[{\"added\": {}}]"
    }
},
{
    "model": "admin.logentry",
    "pk": 130,
    "fields": {
        "action_time": "2016-11-28T22:27:28.384Z",
        "user": [
            "buffysummers"
        ],
        "content_type": null,
        "object_id": "31",
        "object_repr": "Relationship of slate: things-to-do-on-the-hellmouth and action: Denounce Trump's proposed appointment of Steve Bannon ",
        "action_flag": 1,
        "change_message": "[{\"added\": {}}]"
    }
},
{
    "model": "admin.logentry",
    "pk": 131,
    "fields": {
        "action_time": "2016-11-28T22:27:35.695Z",
        "user": [
            "buffysummers"
        ],
        "content_type": null,
        "object_id": "32",
        "object_repr": "Relationship of slate: things-to-do-on-the-hellmouth and action: Donate to Planned Parenthood ",
        "action_flag": 1,
        "change_message": "[{\"added\": {}}]"
    }
},
{
    "model": "admin.logentry",
    "pk": 132,
    "fields": {
        "action_time": "2016-12-02T14:51:58.696Z",
        "user": [
            "buffysummers"
        ],
        "content_type": [
            "actions",
            "action"
        ],
        "object_id": "11",
        "object_repr": "Donate to Planned Parenthood",
        "action_flag": 2,
        "change_message": "[{\"changed\": {\"fields\": [\"status\"]}}]"
    }
},
{
    "model": "admin.logentry",
    "pk": 133,
    "fields": {
        "action_time": "2016-12-02T14:55:55.450Z",
        "user": [
            "buffysummers"
        ],
        "content_type": [
            "actions",
            "action"
        ],
        "object_id": "24",
        "object_repr": "Do an unproductive thing",
        "action_flag": 1,
        "change_message": "[{\"added\": {}}]"
    }
},
{
    "model": "admin.logentry",
    "pk": 134,
    "fields": {
        "action_time": "2016-12-02T14:56:10.381Z",
        "user": [
            "buffysummers"
        ],
        "content_type": [
            "actions",
            "action"
        ],
        "object_id": "24",
        "object_repr": "Do an Unproductive Thing",
        "action_flag": 2,
        "change_message": "[{\"changed\": {\"fields\": [\"title\"]}}]"
    }
},
{
    "model": "admin.logentry",
    "pk": 135,
    "fields": {
        "action_time": "2016-12-02T14:56:27.089Z",
        "user": [
            "buffysummers"
        ],
        "content_type": [
            "actions",
            "action"
        ],
        "object_id": "24",
        "object_repr": "Do an unproductive thing",
        "action_flag": 2,
        "change_message": "[{\"changed\": {\"fields\": [\"title\"]}}]"
    }
},
{
    "model": "admin.logentry",
    "pk": 136,
    "fields": {
        "action_time": "2016-12-02T14:56:47.053Z",
        "user": [
            "buffysummers"
        ],
        "content_type": [
            "profiles",
            "relationship"
        ],
        "object_id": "5",
        "object_repr": "Relationship of : giles and buffysummers",
        "action_flag": 2,
        "change_message": "[{\"changed\": {\"fields\": [\"B_follows_A\"]}}]"
    }
},
{
    "model": "admin.logentry",
    "pk": 137,
    "fields": {
        "action_time": "2016-12-02T14:56:50.904Z",
        "user": [
            "buffysummers"
        ],
        "content_type": [
            "profiles",
            "relationship"
        ],
        "object_id": "4",
        "object_repr": "Relationship of : thewitch and buffysummers",
        "action_flag": 2,
        "change_message": "[]"
    }
},
{
    "model": "admin.logentry",
    "pk": 138,
    "fields": {
        "action_time": "2016-12-02T14:57:38.081Z",
        "user": [
            "buffysummers"
        ],
        "content_type": [
            "profiles",
            "relationship"
        ],
        "object_id": "6",
        "object_repr": "Relationship of : buffysummers and 5by5",
        "action_flag": 1,
        "change_message": "[{\"added\": {}}]"
    }
},
{
    "model": "admin.logentry",
    "pk": 139,
    "fields": {
        "action_time": "2016-12-02T14:57:52.153Z",
        "user": [
            "buffysummers"
        ],
        "content_type": [
            "profiles",
            "relationship"
        ],
        "object_id": "7",
        "object_repr": "Relationship of : buffysummers and tara_m",
        "action_flag": 1,
        "change_message": "[{\"added\": {}}]"
    }
},
{
    "model": "admin.logentry",
    "pk": 140,
    "fields": {
        "action_time": "2016-12-02T14:58:39.477Z",
        "user": [
            "buffysummers"
        ],
        "content_type": [
            "auth",
            "user"
        ],
        "object_id": "13",
        "object_repr": "dru",
        "action_flag": 1,
        "change_message": "[{\"added\": {}}]"
    }
},
{
    "model": "admin.logentry",
    "pk": 141,
    "fields": {
        "action_time": "2016-12-02T14:58:47.820Z",
        "user": [
            "buffysummers"
        ],
        "content_type": [
            "auth",
            "user"
        ],
        "object_id": "13",
        "object_repr": "dru",
        "action_flag": 2,
        "change_message": "[{\"changed\": {\"fields\": [\"first_name\"]}}]"
    }
},
{
    "model": "admin.logentry",
    "pk": 142,
    "fields": {
        "action_time": "2016-12-02T15:01:21.110Z",
        "user": [
            "buffysummers"
        ],
        "content_type": [
            "auth",
            "user"
        ],
        "object_id": "14",
        "object_repr": "admin",
        "action_flag": 1,
        "change_message": "[{\"added\": {}}]"
    }
},
{
    "model": "admin.logentry",
    "pk": 143,
    "fields": {
        "action_time": "2016-12-02T15:01:38.659Z",
        "user": [
            "buffysummers"
        ],
        "content_type": [
            "auth",
            "user"
        ],
        "object_id": "14",
        "object_repr": "admin",
        "action_flag": 2,
        "change_message": "[{\"changed\": {\"fields\": [\"is_staff\", \"is_superuser\"]}}]"
    }
},
{
    "model": "admin.logentry",
    "pk": 144,
    "fields": {
        "action_time": "2016-12-02T15:01:50.412Z",
        "user": [
            "buffysummers"
        ],
        "content_type": [
            "auth",
            "user"
        ],
        "object_id": "8",
        "object_repr": "buffysummers",
        "action_flag": 2,
        "change_message": "[{\"changed\": {\"fields\": [\"is_staff\", \"is_superuser\"]}}]"
    }
},
{
    "model": "admin.logentry",
    "pk": 145,
    "fields": {
        "action_time": "2016-12-02T15:05:08.630Z",
        "user": [
            "admin"
        ],
        "content_type": [
            "actions",
            "action"
        ],
        "object_id": "25",
        "object_repr": "Join the site",
        "action_flag": 1,
        "change_message": "[{\"added\": {}}]"
    }
},
{
    "model": "admin.logentry",
    "pk": 146,
    "fields": {
        "action_time": "2016-12-02T15:05:36.054Z",
        "user": [
            "admin"
        ],
        "content_type": [
            "actions",
            "action"
        ],
        "object_id": "9",
        "object_repr": "Denounce Trump's proposed appointment of Steve Bannon",
        "action_flag": 2,
        "change_message": "[{\"changed\": {\"fields\": [\"priority\"]}}]"
    }
},
{
    "model": "admin.logentry",
    "pk": 147,
    "fields": {
        "action_time": "2016-12-02T15:05:48.264Z",
        "user": [
            "admin"
        ],
        "content_type": [
            "actions",
            "action"
        ],
        "object_id": "10",
        "object_repr": "Sign petition to make Boston a sanctuary city",
        "action_flag": 2,
        "change_message": "[{\"changed\": {\"fields\": [\"priority\"]}}]"
    }
},
{
    "model": "admin.logentry",
    "pk": 148,
    "fields": {
        "action_time": "2016-12-02T15:06:06.969Z",
        "user": [
            "admin"
        ],
        "content_type": [
            "actions",
            "action"
        ],
        "object_id": "25",
        "object_repr": "Join the site",
        "action_flag": 2,
        "change_message": "[{\"changed\": {\"fields\": [\"priority\"]}}]"
    }
},
{
    "model": "admin.logentry",
    "pk": 149,
    "fields": {
        "action_time": "2016-12-02T15:18:27.166Z",
        "user": [
            "admin"
        ],
        "content_type": [
            "actions",
            "action"
        ],
        "object_id": "11",
        "object_repr": "Donate to Planned Parenthood",
        "action_flag": 2,
        "change_message": "[{\"changed\": {\"fields\": [\"date_created\"]}}]"
    }
},
{
    "model": "admin.logentry",
    "pk": 150,
    "fields": {
        "action_time": "2016-12-02T15:18:38.333Z",
        "user": [
            "admin"
        ],
        "content_type": [
            "actions",
            "action"
        ],
        "object_id": "10",
        "object_repr": "Sign petition to make Boston a sanctuary city",
        "action_flag": 2,
        "change_message": "[{\"changed\": {\"fields\": [\"date_created\"]}}]"
    }
},
{
    "model": "admin.logentry",
    "pk": 151,
    "fields": {
        "action_time": "2016-12-02T17:27:11.695Z",
        "user": [
            "admin"
        ],
        "content_type": [
            "actions",
            "action"
        ],
        "object_id": "11",
        "object_repr": "Donate to Planned Parenthood",
        "action_flag": 2,
        "change_message": "[{\"changed\": {\"fields\": [\"anonymize\"]}}]"
    }
},
{
    "model": "admin.logentry",
    "pk": 152,
    "fields": {
        "action_time": "2016-12-02T17:27:28.665Z",
        "user": [
            "admin"
        ],
        "content_type": [
            "actions",
            "action"
        ],
        "object_id": "9",
        "object_repr": "Denounce Trump's proposed appointment of Steve Bannon",
        "action_flag": 2,
        "change_message": "[{\"changed\": {\"fields\": [\"anonymize\"]}}]"
    }
},
{
    "model": "admin.logentry",
    "pk": 153,
    "fields": {
        "action_time": "2016-12-02T17:27:57.027Z",
        "user": [
            "admin"
        ],
        "content_type": [
            "actions",
            "action"
        ],
        "object_id": "11",
        "object_repr": "Donate to Planned Parenthood",
        "action_flag": 2,
        "change_message": "[{\"changed\": {\"fields\": [\"anonymize\"]}}]"
    }
},
{
    "model": "admin.logentry",
    "pk": 154,
    "fields": {
        "action_time": "2016-12-02T17:39:25.418Z",
        "user": [
            "admin"
        ],
        "content_type": [
            "profiles",
            "profileactionrelationship"
        ],
        "object_id": "18",
        "object_repr": "Relationship of profile giles and action Denounce Trump's proposed appointment of Steve Bannon",
        "action_flag": 1,
        "change_message": "[{\"added\": {}}]"
    }
},
{
    "model": "admin.logentry",
    "pk": 155,
    "fields": {
        "action_time": "2016-12-02T17:39:42.190Z",
        "user": [
            "admin"
        ],
        "content_type": [
            "profiles",
            "profileactionrelationship"
        ],
        "object_id": "19",
        "object_repr": "Relationship of profile 5by5 and action Denounce Trump's proposed appointment of Steve Bannon",
        "action_flag": 1,
        "change_message": "[{\"added\": {}}]"
    }
},
{
    "model": "admin.logentry",
    "pk": 156,
    "fields": {
        "action_time": "2016-12-02T21:42:53.227Z",
        "user": [
            "admin"
        ],
        "content_type": null,
        "object_id": "11",
        "object_repr": "how-to-prevent-an-apocalypse",
        "action_flag": 1,
        "change_message": "[{\"added\": {}}]"
    }
},
{
    "model": "admin.logentry",
    "pk": 157,
    "fields": {
        "action_time": "2016-12-02T21:44:22.118Z",
        "user": [
            "admin"
        ],
        "content_type": null,
        "object_id": "12",
        "object_repr": "high-stakes-slate-of-actions",
        "action_flag": 1,
        "change_message": "[{\"added\": {}}]"
    }
},
{
    "model": "admin.logentry",
    "pk": 158,
    "fields": {
        "action_time": "2016-12-02T21:57:40.301Z",
        "user": [
            "admin"
        ],
        "content_type": [
            "profiles",
            "profileactionrelationship"
        ],
        "object_id": "24",
        "object_repr": "Relationship of profile admin and action Donate to Planned Parenthood",
        "action_flag": 3,
        "change_message": ""
    }
},
{
    "model": "admin.logentry",
    "pk": 159,
    "fields": {
        "action_time": "2016-12-02T21:57:40.305Z",
        "user": [
            "admin"
        ],
        "content_type": [
            "profiles",
            "profileactionrelationship"
        ],
        "object_id": "23",
        "object_repr": "Relationship of profile admin and action Denounce Trump's proposed appointment of Steve Bannon",
        "action_flag": 3,
        "change_message": ""
    }
},
{
    "model": "admin.logentry",
    "pk": 160,
    "fields": {
        "action_time": "2016-12-02T22:05:58.467Z",
        "user": [
            "admin"
        ],
        "content_type": null,
        "object_id": "10",
        "object_repr": "things-to-do-on-the-hellmouth",
        "action_flag": 2,
        "change_message": "[{\"changed\": {\"fields\": [\"description\"]}}]"
    }
},
{
    "model": "admin.logentry",
    "pk": 161,
    "fields": {
        "action_time": "2016-12-02T22:20:09.658Z",
        "user": [
            "admin"
        ],
        "content_type": null,
        "object_id": "33",
        "object_repr": "Relationship of slate: high-stakes-slate-of-actions and action: Join the site ",
        "action_flag": 1,
        "change_message": "[{\"added\": {}}]"
    }
},
{
    "model": "admin.logentry",
    "pk": 162,
    "fields": {
        "action_time": "2016-12-02T22:20:16.690Z",
        "user": [
            "admin"
        ],
        "content_type": null,
        "object_id": "34",
        "object_repr": "Relationship of slate: high-stakes-slate-of-actions and action: Sign petition to make Boston a sanctuary city ",
        "action_flag": 1,
        "change_message": "[{\"added\": {}}]"
    }
},
{
    "model": "admin.logentry",
    "pk": 163,
    "fields": {
        "action_time": "2016-12-02T22:45:07.227Z",
        "user": [
            "admin"
        ],
        "content_type": null,
        "object_id": "35",
        "object_repr": "Relationship of slate: high-stakes-slate-of-actions and action: Donate to Planned Parenthood ",
        "action_flag": 1,
        "change_message": "[{\"added\": {}}]"
    }
},
{
    "model": "admin.logentry",
    "pk": 164,
    "fields": {
        "action_time": "2016-12-03T22:29:13.476Z",
        "user": [
            "admin"
        ],
        "content_type": null,
        "object_id": "12",
        "object_repr": "High stakes slate of actions",
        "action_flag": 2,
        "change_message": "[{\"changed\": {\"fields\": [\"privacy\"]}}]"
    }
},
{
    "model": "admin.logentry",
    "pk": 165,
    "fields": {
        "action_time": "2016-12-07T18:34:34.087Z",
        "user": [
            "admin"
        ],
        "content_type": [
            "auth",
            "user"
        ],
        "object_id": "15",
        "object_repr": "newtest",
        "action_flag": 1,
        "change_message": "[{\"added\": {}}]"
    }
},
{
    "model": "admin.logentry",
    "pk": 166,
    "fields": {
        "action_time": "2016-12-07T18:34:47.549Z",
        "user": [
            "admin"
        ],
        "content_type": [
            "auth",
            "user"
        ],
        "object_id": "14",
        "object_repr": "admin",
        "action_flag": 2,
        "change_message": "[{\"changed\": {\"fields\": [\"email\"]}}]"
    }
},
{
    "model": "admin.logentry",
    "pk": 167,
    "fields": {
        "action_time": "2016-12-07T23:55:33.485Z",
        "user": [
            "admin"
        ],
        "content_type": [
            "actions",
            "action"
        ],
        "object_id": "36",
        "object_repr": "Aheh",
        "action_flag": 3,
        "change_message": ""
    }
},
{
    "model": "admin.logentry",
    "pk": 168,
    "fields": {
        "action_time": "2016-12-07T23:55:33.491Z",
        "user": [
            "admin"
        ],
        "content_type": [
            "actions",
            "action"
        ],
        "object_id": "35",
        "object_repr": "Timely no?",
        "action_flag": 3,
        "change_message": ""
    }
},
{
    "model": "admin.logentry",
    "pk": 169,
    "fields": {
        "action_time": "2016-12-07T23:55:33.495Z",
        "user": [
            "admin"
        ],
        "content_type": [
            "actions",
            "action"
        ],
        "object_id": "34",
        "object_repr": "WOWEW",
        "action_flag": 3,
        "change_message": ""
    }
},
{
    "model": "admin.logentry",
    "pk": 170,
    "fields": {
        "action_time": "2016-12-07T23:55:33.498Z",
        "user": [
            "admin"
        ],
        "content_type": [
            "actions",
            "action"
        ],
        "object_id": "33",
        "object_repr": "Why duplicate?",
        "action_flag": 3,
        "change_message": ""
    }
},
{
    "model": "admin.logentry",
    "pk": 171,
    "fields": {
        "action_time": "2016-12-07T23:55:33.500Z",
        "user": [
            "admin"
        ],
        "content_type": [
            "actions",
            "action"
        ],
        "object_id": "32",
        "object_repr": "AHAHHAA",
        "action_flag": 3,
        "change_message": ""
    }
},
{
    "model": "admin.logentry",
    "pk": 172,
    "fields": {
        "action_time": "2016-12-07T23:55:33.503Z",
        "user": [
            "admin"
        ],
        "content_type": [
            "actions",
            "action"
        ],
        "object_id": "31",
        "object_repr": "OH CAY",
        "action_flag": 3,
        "change_message": ""
    }
},
{
    "model": "admin.logentry",
    "pk": 173,
    "fields": {
        "action_time": "2016-12-07T23:55:33.506Z",
        "user": [
            "admin"
        ],
        "content_type": [
            "actions",
            "action"
        ],
        "object_id": "30",
        "object_repr": "HEHEHHE",
        "action_flag": 3,
        "change_message": ""
    }
},
{
    "model": "admin.logentry",
    "pk": 174,
    "fields": {
        "action_time": "2016-12-07T23:55:33.510Z",
        "user": [
            "admin"
        ],
        "content_type": [
            "actions",
            "action"
        ],
        "object_id": "29",
        "object_repr": "SO MUCH JUNK",
        "action_flag": 3,
        "change_message": ""
    }
},
{
    "model": "admin.logentry",
    "pk": 175,
    "fields": {
        "action_time": "2016-12-07T23:55:33.512Z",
        "user": [
            "admin"
        ],
        "content_type": [
            "actions",
            "action"
        ],
        "object_id": "28",
        "object_repr": "YAY",
        "action_flag": 3,
        "change_message": ""
    }
},
{
    "model": "admin.logentry",
    "pk": 176,
    "fields": {
        "action_time": "2016-12-07T23:55:33.515Z",
        "user": [
            "admin"
        ],
        "content_type": [
            "actions",
            "action"
        ],
        "object_id": "27",
        "object_repr": "YAY",
        "action_flag": 3,
        "change_message": ""
    }
},
{
    "model": "admin.logentry",
    "pk": 177,
    "fields": {
        "action_time": "2016-12-07T23:55:33.517Z",
        "user": [
            "admin"
        ],
        "content_type": [
            "actions",
            "action"
        ],
        "object_id": "26",
        "object_repr": "Gonna be so much stuff to clean up in the fixtures",
        "action_flag": 3,
        "change_message": ""
    }
},
{
    "model": "admin.logentry",
    "pk": 178,
    "fields": {
        "action_time": "2016-12-07T23:56:25.309Z",
        "user": [
            "admin"
        ],
        "content_type": null,
        "object_id": "15",
        "object_repr": "I love slates",
        "action_flag": 3,
        "change_message": ""
    }
},
{
    "model": "admin.logentry",
    "pk": 179,
    "fields": {
        "action_time": "2016-12-07T23:56:25.313Z",
        "user": [
            "admin"
        ],
        "content_type": null,
        "object_id": "14",
        "object_repr": "So much to delete!",
        "action_flag": 3,
        "change_message": ""
    }
},
{
    "model": "admin.logentry",
    "pk": 180,
    "fields": {
        "action_time": "2016-12-07T23:56:25.315Z",
        "user": [
            "admin"
        ],
        "content_type": null,
        "object_id": "13",
        "object_repr": "Boring administrative things",
        "action_flag": 3,
        "change_message": ""
    }
},
{
    "model": "admin.logentry",
    "pk": 181,
    "fields": {
        "action_time": "2016-12-07T23:56:47.198Z",
        "user": [
            "admin"
        ],
        "content_type": [
            "auth",
            "user"
        ],
        "object_id": "15",
        "object_repr": "newtest",
        "action_flag": 3,
        "change_message": ""
    }
},
{
    "model": "admin.logentry",
    "pk": 182,
    "fields": {
        "action_time": "2016-12-07T23:57:30.172Z",
        "user": [
            "admin"
        ],
        "content_type": [
            "django_comments",
            "comment"
        ],
        "object_id": "15",
        "object_repr": "newtest: ???ASDASDASD...",
        "action_flag": 3,
        "change_message": ""
    }
},
{
    "model": "admin.logentry",
    "pk": 183,
    "fields": {
        "action_time": "2016-12-07T23:57:30.176Z",
        "user": [
            "admin"
        ],
        "content_type": [
            "django_comments",
            "comment"
        ],
        "object_id": "14",
        "object_repr": "newtest: Mwaha!...",
        "action_flag": 3,
        "change_message": ""
    }
},
{
    "model": "admin.logentry",
    "pk": 184,
    "fields": {
        "action_time": "2016-12-07T23:57:30.178Z",
        "user": [
            "admin"
        ],
        "content_type": [
            "django_comments",
            "comment"
        ],
        "object_id": "13",
        "object_repr": "newtest: WOO...",
        "action_flag": 3,
        "change_message": ""
    }
},
{
    "model": "admin.logentry",
    "pk": 185,
    "fields": {
        "action_time": "2016-12-07T23:57:30.181Z",
        "user": [
            "admin"
        ],
        "content_type": [
            "django_comments",
            "comment"
        ],
        "object_id": "12",
        "object_repr": "newtest: AHE...",
        "action_flag": 3,
        "change_message": ""
    }
},
{
    "model": "admin.logentry",
    "pk": 186,
    "fields": {
        "action_time": "2016-12-07T23:57:30.184Z",
        "user": [
            "admin"
        ],
        "content_type": [
            "django_comments",
            "comment"
        ],
        "object_id": "11",
        "object_repr": "newtest: WOOO...",
        "action_flag": 3,
        "change_message": ""
    }
},
{
    "model": "admin.logentry",
    "pk": 187,
    "fields": {
        "action_time": "2016-12-07T23:57:30.187Z",
        "user": [
            "admin"
        ],
        "content_type": [
            "django_comments",
            "comment"
        ],
        "object_id": "10",
        "object_repr": "newtest: HEY!...",
        "action_flag": 3,
        "change_message": ""
    }
},
{
    "model": "admin.logentry",
    "pk": 188,
    "fields": {
        "action_time": "2016-12-07T23:57:30.190Z",
        "user": [
            "admin"
        ],
        "content_type": [
            "django_comments",
            "comment"
        ],
        "object_id": "9",
        "object_repr": "newtest: Woo I made a comment....",
        "action_flag": 3,
        "change_message": ""
    }
},
{
    "model": "admin.logentry",
    "pk": 189,
    "fields": {
        "action_time": "2016-12-07T23:57:54.662Z",
        "user": [
            "admin"
        ],
        "content_type": [
            "notifications",
            "notificationsettings"
        ],
        "object_id": "3",
        "object_repr": "Notification Settings for admin",
        "action_flag": 2,
        "change_message": "[{\"changed\": {\"fields\": [\"weekly_summary\", \"if_followed\", \"if_comments_on_my_actions\"]}}]"
    }
},
{
    "model": "admin.logentry",
    "pk": 190,
    "fields": {
        "action_time": "2016-12-08T02:05:39.205Z",
        "user": [
            "admin"
        ],
        "content_type": [
            "profiles",
            "relationship"
        ],
        "object_id": "11",
        "object_repr": "Relationship of : admin and giles",
        "action_flag": 3,
        "change_message": ""
    }
},
{
    "model": "admin.logentry",
    "pk": 191,
    "fields": {
        "action_time": "2016-12-08T02:05:39.212Z",
        "user": [
            "admin"
        ],
        "content_type": [
            "profiles",
            "relationship"
        ],
        "object_id": "10",
        "object_repr": "Relationship of : admin and 5by5",
        "action_flag": 3,
        "change_message": ""
    }
},
{
    "model": "admin.logentry",
    "pk": 192,
    "fields": {
        "action_time": "2016-12-08T02:05:39.215Z",
        "user": [
            "admin"
        ],
        "content_type": [
            "profiles",
            "relationship"
        ],
        "object_id": "9",
        "object_repr": "Relationship of : admin and buffysummers",
        "action_flag": 3,
        "change_message": ""
    }
},
{
    "model": "admin.logentry",
    "pk": 193,
    "fields": {
        "action_time": "2016-12-08T02:05:39.218Z",
        "user": [
            "admin"
        ],
        "content_type": [
            "profiles",
            "relationship"
        ],
        "object_id": "8",
        "object_repr": "Relationship of : admin and thewitch",
        "action_flag": 3,
        "change_message": ""
    }
},
{
    "model": "admin.logentry",
    "pk": 194,
    "fields": {
        "action_time": "2017-01-06T17:17:06.420Z",
        "user": [
            "admin"
        ],
        "content_type": [
            "actions",
            "action"
        ],
        "object_id": "10",
        "object_repr": "Sign petition to make Boston a sanctuary city",
        "action_flag": 2,
        "change_message": "[{\"changed\": {\"fields\": [\"location\"]}}]"
    }
},
{
    "model": "admin.logentry",
    "pk": 195,
    "fields": {
        "action_time": "2017-01-06T17:17:16.468Z",
        "user": [
            "admin"
        ],
        "content_type": [
            "actions",
            "action"
        ],
        "object_id": "10",
        "object_repr": "Sign petition to make Boston a sanctuary city",
        "action_flag": 2,
        "change_message": "[{\"changed\": {\"fields\": [\"location\"]}}]"
    }
},
{
    "model": "admin.logentry",
    "pk": 196,
    "fields": {
        "action_time": "2017-01-06T17:19:11.945Z",
        "user": [
            "admin"
        ],
        "content_type": [
            "auth",
            "user"
        ],
        "object_id": "9",
        "object_repr": "thewitch",
        "action_flag": 2,
        "change_message": "[{\"changed\": {\"fields\": [\"password\"]}}]"
    }
},
{
    "model": "admin.logentry",
    "pk": 197,
    "fields": {
        "action_time": "2017-01-06T17:22:06.917Z",
        "user": [
            "admin"
        ],
        "content_type": [
            "actions",
            "action"
        ],
        "object_id": "26",
        "object_repr": "An Action In Sacramento",
        "action_flag": 2,
        "change_message": "[{\"changed\": {\"fields\": [\"date_created\"]}}]"
    }
},
{
    "model": "admin.logentry",
    "pk": 198,
    "fields": {
        "action_time": "2017-01-06T17:24:15.278Z",
        "user": [
            "admin"
        ],
        "content_type": [
            "actions",
            "action"
        ],
        "object_id": "26",
        "object_repr": "An Action In Sacramento",
        "action_flag": 2,
        "change_message": "[{\"changed\": {\"fields\": [\"date_created\"]}}]"
    }
},
{
    "model": "admin.logentry",
    "pk": 199,
    "fields": {
        "action_time": "2017-01-06T17:24:28.256Z",
        "user": [
            "admin"
        ],
        "content_type": [
            "actions",
            "action"
        ],
        "object_id": "26",
        "object_repr": "An Action In Sacramento",
        "action_flag": 2,
        "change_message": "[{\"changed\": {\"fields\": [\"date_created\"]}}]"
    }
},
{
    "model": "admin.logentry",
    "pk": 200,
    "fields": {
        "action_time": "2017-01-06T18:55:12.692Z",
        "user": [
            "admin"
        ],
        "content_type": [
            "profiles",
            "profile"
        ],
        "object_id": "10",
        "object_repr": "dru",
        "action_flag": 2,
        "change_message": "[{\"changed\": {\"fields\": [\"district\"]}}]"
    }
},
{
    "model": "admin.logentry",
    "pk": 201,
    "fields": {
        "action_time": "2017-01-12T01:14:04.238Z",
        "user": [
            "admin"
        ],
        "content_type": [
            "actions",
            "action"
        ],
        "object_id": "29",
        "object_repr": "I love actions",
        "action_flag": 3,
        "change_message": ""
    }
},
{
    "model": "admin.logentry",
    "pk": 202,
    "fields": {
        "action_time": "2017-01-12T01:14:04.248Z",
        "user": [
            "admin"
        ],
        "content_type": [
            "actions",
            "action"
        ],
        "object_id": "28",
        "object_repr": "I love actions",
        "action_flag": 3,
        "change_message": ""
    }
},
{
    "model": "admin.logentry",
    "pk": 203,
    "fields": {
        "action_time": "2017-01-12T01:14:04.253Z",
        "user": [
            "admin"
        ],
        "content_type": [
            "actions",
            "action"
        ],
        "object_id": "27",
        "object_repr": "I love actions",
        "action_flag": 3,
        "change_message": ""
    }
},
{
    "model": "admin.logentry",
    "pk": 204,
    "fields": {
        "action_time": "2017-01-12T17:21:26.813Z",
        "user": [
            "admin"
        ],
        "content_type": [
            "actions",
            "action"
        ],
        "object_id": "30",
        "object_repr": "A new action",
        "action_flag": 3,
        "change_message": ""
    }
},
{
    "model": "admin.logentry",
    "pk": 205,
    "fields": {
        "action_time": "2017-01-13T01:45:10.862Z",
        "user": [
            "admin"
        ],
        "content_type": [
            "location_plugin",
            "location"
        ],
        "object_id": "13",
        "object_repr": "Location of Join the site",
        "action_flag": 2,
        "change_message": "[{\"changed\": {\"fields\": [\"location\"]}}]"
    }
},
{
    "model": "admin.logentry",
    "pk": 206,
    "fields": {
        "action_time": "2017-01-13T02:08:21.601Z",
        "user": [
            "admin"
        ],
        "content_type": [
            "location_plugin",
            "location"
        ],
        "object_id": "7",
        "object_repr": "Location of admin",
        "action_flag": 2,
        "change_message": "[{\"changed\": {\"fields\": [\"location\"]}}]"
    }
},
{
    "model": "admin.logentry",
    "pk": 207,
    "fields": {
        "action_time": "2017-01-13T02:09:20.845Z",
        "user": [
            "admin"
        ],
        "content_type": [
            "location_plugin",
            "location"
        ],
        "object_id": "7",
        "object_repr": "Location of admin",
        "action_flag": 2,
        "change_message": "[{\"changed\": {\"fields\": [\"hide_location\"]}}]"
    }
},
{
    "model": "admin.logentry",
    "pk": 208,
    "fields": {
        "action_time": "2017-01-23T19:58:09.006Z",
        "user": [
            "admin"
        ],
        "content_type": [
            "profiles",
            "relationship"
        ],
        "object_id": "8",
        "object_repr": "Relationship of : admin and buffysummers",
        "action_flag": 1,
        "change_message": "[{\"added\": {}}]"
    }
},
{
    "model": "admin.logentry",
    "pk": 209,
    "fields": {
        "action_time": "2017-01-23T21:05:00.962Z",
        "user": [
            "admin"
        ],
        "content_type": [
            "actions",
            "action"
        ],
        "object_id": "35",
        "object_repr": "Newish",
        "action_flag": 3,
        "change_message": ""
    }
},
{
    "model": "admin.logentry",
    "pk": 210,
    "fields": {
        "action_time": "2017-01-23T21:05:00.968Z",
        "user": [
            "admin"
        ],
        "content_type": [
            "actions",
            "action"
        ],
        "object_id": "34",
        "object_repr": "TestMe",
        "action_flag": 3,
        "change_message": ""
    }
},
{
    "model": "admin.logentry",
    "pk": 211,
    "fields": {
        "action_time": "2017-01-23T21:05:00.972Z",
        "user": [
            "admin"
        ],
        "content_type": [
            "actions",
            "action"
        ],
        "object_id": "33",
        "object_repr": "TEST3",
        "action_flag": 3,
        "change_message": ""
    }
},
{
    "model": "admin.logentry",
    "pk": 212,
    "fields": {
        "action_time": "2017-01-23T21:05:00.977Z",
        "user": [
            "admin"
        ],
        "content_type": [
            "actions",
            "action"
        ],
        "object_id": "32",
        "object_repr": "Test2",
        "action_flag": 3,
        "change_message": ""
    }
},
{
    "model": "admin.logentry",
    "pk": 213,
    "fields": {
        "action_time": "2017-01-23T21:05:00.981Z",
        "user": [
            "admin"
        ],
        "content_type": [
            "actions",
            "action"
        ],
        "object_id": "31",
        "object_repr": "TEST",
        "action_flag": 3,
        "change_message": ""
    }
},
{
    "model": "admin.logentry",
    "pk": 214,
    "fields": {
        "action_time": "2017-01-23T21:05:18.400Z",
        "user": [
            "admin"
        ],
        "content_type": [
            "location_plugin",
            "location"
        ],
        "object_id": "18",
        "object_repr": "Location of None",
        "action_flag": 3,
        "change_message": ""
    }
},
{
    "model": "admin.logentry",
    "pk": 215,
    "fields": {
        "action_time": "2017-01-23T21:05:18.407Z",
        "user": [
            "admin"
        ],
        "content_type": [
            "location_plugin",
            "location"
        ],
        "object_id": "17",
        "object_repr": "Location of None",
        "action_flag": 3,
        "change_message": ""
    }
},
{
    "model": "admin.logentry",
    "pk": 216,
    "fields": {
        "action_time": "2017-01-24T02:28:38.083Z",
        "user": [
            "admin"
        ],
        "content_type": [
            "slates",
            "slate"
        ],
        "object_id": "15",
        "object_repr": "New slate new slate",
        "action_flag": 3,
        "change_message": ""
    }
},
{
    "model": "admin.logentry",
    "pk": 217,
    "fields": {
        "action_time": "2017-01-24T02:28:38.088Z",
        "user": [
            "admin"
        ],
        "content_type": [
            "slates",
            "slate"
        ],
        "object_id": "14",
        "object_repr": "I love a good slate",
        "action_flag": 3,
        "change_message": ""
    }
},
{
    "model": "admin.logentry",
    "pk": 218,
    "fields": {
        "action_time": "2017-01-24T02:28:38.092Z",
        "user": [
            "admin"
        ],
        "content_type": [
            "slates",
            "slate"
        ],
        "object_id": "13",
        "object_repr": "I love a good slate",
        "action_flag": 3,
        "change_message": ""
    }
},
{
    "model": "admin.logentry",
    "pk": 219,
    "fields": {
        "action_time": "2017-01-24T02:28:54.558Z",
        "user": [
            "admin"
        ],
        "content_type": [
            "location_plugin",
            "location"
        ],
        "object_id": "23",
        "object_repr": "Location of None",
        "action_flag": 3,
        "change_message": ""
    }
},
{
    "model": "admin.logentry",
    "pk": 220,
    "fields": {
        "action_time": "2017-01-24T02:28:54.563Z",
        "user": [
            "admin"
        ],
        "content_type": [
            "location_plugin",
            "location"
        ],
        "object_id": "22",
        "object_repr": "Location of None",
        "action_flag": 3,
        "change_message": ""
    }
},
{
    "model": "admin.logentry",
    "pk": 221,
    "fields": {
        "action_time": "2017-01-24T03:30:10.004Z",
        "user": [
            "admin"
        ],
        "content_type": [
            "profiles",
            "profileactionrelationship"
        ],
        "object_id": "20",
        "object_repr": "Relationship of profile buffysummers and action Sign petition to make Boston a sanctuary city",
        "action_flag": 3,
        "change_message": ""
    }
},
{
    "model": "admin.logentry",
    "pk": 222,
    "fields": {
        "action_time": "2017-01-25T05:52:15.805Z",
        "user": [
            "admin"
        ],
        "content_type": [
            "sites",
            "site"
        ],
        "object_id": "1",
        "object_repr": "actionrising.com",
        "action_flag": 2,
        "change_message": "[{\"changed\": {\"fields\": [\"domain\", \"name\"]}}]"
    }
},
{
    "model": "admin.logentry",
    "pk": 223,
    "fields": {
        "action_time": "2017-01-25T05:53:05.454Z",
        "user": [
            "admin"
        ],
        "content_type": [
            "sites",
            "site"
        ],
        "object_id": "1",
        "object_repr": "www.actionrising.com",
        "action_flag": 2,
        "change_message": "[{\"changed\": {\"fields\": [\"domain\"]}}]"
    }
},
{
    "model": "admin.logentry",
    "pk": 224,
    "fields": {
        "action_time": "2017-01-29T16:13:25.531Z",
        "user": [
            "admin"
        ],
        "content_type": [
            "profiles",
            "profile"
        ],
        "object_id": "11",
        "object_repr": "admin",
        "action_flag": 2,
        "change_message": "[{\"changed\": {\"fields\": [\"verified\"]}}]"
    }
},
{
    "model": "admin.logentry",
    "pk": 225,
    "fields": {
        "action_time": "2017-01-29T16:13:37.031Z",
        "user": [
            "admin"
        ],
        "content_type": [
            "profiles",
            "profile"
        ],
        "object_id": "11",
        "object_repr": "admin",
        "action_flag": 2,
        "change_message": "[{\"changed\": {\"fields\": [\"verified\"]}}]"
    }
},
{
    "model": "admin.logentry",
    "pk": 226,
    "fields": {
        "action_time": "2017-01-29T16:28:19.676Z",
        "user": [
            "admin"
        ],
        "content_type": [
            "profiles",
            "profile"
        ],
        "object_id": "11",
        "object_repr": "admin",
        "action_flag": 2,
        "change_message": "[{\"changed\": {\"fields\": [\"verified\"]}}]"
    }
},
{
    "model": "admin.logentry",
    "pk": 227,
    "fields": {
        "action_time": "2017-01-30T02:14:18.105Z",
        "user": [
            "admin"
        ],
        "content_type": [
            "auth",
            "user"
        ],
        "object_id": "23",
        "object_repr": "admin2",
        "action_flag": 3,
        "change_message": ""
    }
},
{
    "model": "admin.logentry",
    "pk": 228,
    "fields": {
        "action_time": "2017-01-30T02:14:18.114Z",
        "user": [
            "admin"
        ],
        "content_type": [
            "auth",
            "user"
        ],
        "object_id": "24",
        "object_repr": "admin99",
        "action_flag": 3,
        "change_message": ""
    }
},
{
    "model": "admin.logentry",
    "pk": 229,
    "fields": {
        "action_time": "2017-01-30T02:14:18.118Z",
        "user": [
            "admin"
        ],
        "content_type": [
            "auth",
            "user"
        ],
        "object_id": "16",
        "object_repr": "hahaha",
        "action_flag": 3,
        "change_message": ""
    }
},
{
    "model": "admin.logentry",
    "pk": 230,
    "fields": {
        "action_time": "2017-01-30T02:14:18.121Z",
        "user": [
            "admin"
        ],
        "content_type": [
            "auth",
            "user"
        ],
        "object_id": "25",
        "object_repr": "hopenotfear",
        "action_flag": 3,
        "change_message": ""
    }
},
{
    "model": "admin.logentry",
    "pk": 231,
    "fields": {
        "action_time": "2017-01-30T02:14:18.125Z",
        "user": [
            "admin"
        ],
        "content_type": [
            "auth",
            "user"
        ],
        "object_id": "22",
        "object_repr": "jeff",
        "action_flag": 3,
        "change_message": ""
    }
},
{
    "model": "admin.logentry",
    "pk": 232,
    "fields": {
        "action_time": "2017-01-30T02:14:18.130Z",
        "user": [
            "admin"
        ],
        "content_type": [
            "auth",
            "user"
        ],
        "object_id": "21",
        "object_repr": "manamana",
        "action_flag": 3,
        "change_message": ""
    }
},
{
    "model": "admin.logentry",
    "pk": 233,
    "fields": {
        "action_time": "2017-01-30T02:14:18.133Z",
        "user": [
            "admin"
        ],
        "content_type": [
            "auth",
            "user"
        ],
        "object_id": "20",
        "object_repr": "nodball",
        "action_flag": 3,
        "change_message": ""
    }
},
{
    "model": "admin.logentry",
    "pk": 234,
    "fields": {
        "action_time": "2017-01-30T02:14:18.137Z",
        "user": [
            "admin"
        ],
        "content_type": [
            "auth",
            "user"
        ],
        "object_id": "18",
        "object_repr": "shauna",
        "action_flag": 3,
        "change_message": ""
    }
},
{
    "model": "admin.logentry",
    "pk": 235,
    "fields": {
        "action_time": "2017-01-30T02:14:18.140Z",
        "user": [
            "admin"
        ],
        "content_type": [
            "auth",
            "user"
        ],
        "object_id": "15",
        "object_repr": "shaunabanana",
        "action_flag": 3,
        "change_message": ""
    }
},
{
    "model": "admin.logentry",
    "pk": 236,
    "fields": {
        "action_time": "2017-01-30T02:14:18.144Z",
        "user": [
            "admin"
        ],
        "content_type": [
            "auth",
            "user"
        ],
        "object_id": "19",
        "object_repr": "zuzu",
        "action_flag": 3,
        "change_message": ""
    }
},
{
    "model": "admin.logentry",
    "pk": 249,
    "fields": {
        "action_time": "2017-01-30T02:14:53.052Z",
        "user": [
            "admin"
        ],
        "content_type": [
            "location_plugin",
            "location"
        ],
        "object_id": "25",
        "object_repr": "Location of FakeSlate",
        "action_flag": 3,
        "change_message": ""
    }
},
{
    "model": "admin.logentry",
    "pk": 250,
    "fields": {
        "action_time": "2017-01-30T02:14:53.058Z",
        "user": [
            "admin"
        ],
        "content_type": [
            "location_plugin",
            "location"
        ],
        "object_id": "24",
        "object_repr": "Location of Test Slate",
        "action_flag": 3,
        "change_message": ""
    }
},
{
    "model": "admin.logentry",
    "pk": 251,
    "fields": {
        "action_time": "2017-01-30T02:15:07.613Z",
        "user": [
            "admin"
        ],
        "content_type": [
            "slates",
            "slate"
        ],
        "object_id": "22",
        "object_repr": "Slate4",
        "action_flag": 3,
        "change_message": ""
    }
},
{
    "model": "admin.logentry",
    "pk": 252,
    "fields": {
        "action_time": "2017-01-30T02:15:07.619Z",
        "user": [
            "admin"
        ],
        "content_type": [
            "slates",
            "slate"
        ],
        "object_id": "21",
        "object_repr": "Slate3",
        "action_flag": 3,
        "change_message": ""
    }
},
{
    "model": "admin.logentry",
    "pk": 253,
    "fields": {
        "action_time": "2017-01-30T02:15:07.623Z",
        "user": [
            "admin"
        ],
        "content_type": [
            "slates",
            "slate"
        ],
        "object_id": "20",
        "object_repr": "Slate2",
        "action_flag": 3,
        "change_message": ""
    }
},
{
    "model": "admin.logentry",
    "pk": 254,
    "fields": {
        "action_time": "2017-01-30T02:15:07.626Z",
        "user": [
            "admin"
        ],
        "content_type": [
            "slates",
            "slate"
        ],
        "object_id": "19",
        "object_repr": "Slate1",
        "action_flag": 3,
        "change_message": ""
    }
},
{
    "model": "admin.logentry",
    "pk": 255,
    "fields": {
        "action_time": "2017-01-30T02:15:07.629Z",
        "user": [
            "admin"
        ],
        "content_type": [
            "slates",
            "slate"
        ],
        "object_id": "18",
        "object_repr": "Slate0",
        "action_flag": 3,
        "change_message": ""
    }
},
{
    "model": "admin.logentry",
    "pk": 256,
    "fields": {
        "action_time": "2017-01-30T02:15:07.632Z",
        "user": [
            "admin"
        ],
        "content_type": [
            "slates",
            "slate"
        ],
        "object_id": "17",
        "object_repr": "FakeSlate",
        "action_flag": 3,
        "change_message": ""
    }
},
{
    "model": "admin.logentry",
    "pk": 257,
    "fields": {
        "action_time": "2017-01-30T02:15:07.636Z",
        "user": [
            "admin"
        ],
        "content_type": [
            "slates",
            "slate"
        ],
        "object_id": "16",
        "object_repr": "Test Slate",
        "action_flag": 3,
        "change_message": ""
    }
},
{
    "model": "admin.logentry",
    "pk": 258,
    "fields": {
        "action_time": "2017-01-30T02:15:32.832Z",
        "user": [
            "admin"
        ],
        "content_type": [
            "actions",
            "action"
        ],
        "object_id": "45",
        "object_repr": "Action9",
        "action_flag": 3,
        "change_message": ""
    }
},
{
    "model": "admin.logentry",
    "pk": 259,
    "fields": {
        "action_time": "2017-01-30T02:15:32.840Z",
        "user": [
            "admin"
        ],
        "content_type": [
            "actions",
            "action"
        ],
        "object_id": "44",
        "object_repr": "Action8",
        "action_flag": 3,
        "change_message": ""
    }
},
{
    "model": "admin.logentry",
    "pk": 260,
    "fields": {
        "action_time": "2017-01-30T02:15:32.844Z",
        "user": [
            "admin"
        ],
        "content_type": [
            "actions",
            "action"
        ],
        "object_id": "43",
        "object_repr": "Action7",
        "action_flag": 3,
        "change_message": ""
    }
},
{
    "model": "admin.logentry",
    "pk": 261,
    "fields": {
        "action_time": "2017-01-30T02:15:32.848Z",
        "user": [
            "admin"
        ],
        "content_type": [
            "actions",
            "action"
        ],
        "object_id": "42",
        "object_repr": "Action6",
        "action_flag": 3,
        "change_message": ""
    }
},
{
    "model": "admin.logentry",
    "pk": 262,
    "fields": {
        "action_time": "2017-01-30T02:15:32.852Z",
        "user": [
            "admin"
        ],
        "content_type": [
            "actions",
            "action"
        ],
        "object_id": "41",
        "object_repr": "Action5",
        "action_flag": 3,
        "change_message": ""
    }
},
{
    "model": "admin.logentry",
    "pk": 263,
    "fields": {
        "action_time": "2017-01-30T02:15:32.856Z",
        "user": [
            "admin"
        ],
        "content_type": [
            "actions",
            "action"
        ],
        "object_id": "40",
        "object_repr": "Action4",
        "action_flag": 3,
        "change_message": ""
    }
},
{
    "model": "admin.logentry",
    "pk": 264,
    "fields": {
        "action_time": "2017-01-30T02:15:32.860Z",
        "user": [
            "admin"
        ],
        "content_type": [
            "actions",
            "action"
        ],
        "object_id": "39",
        "object_repr": "Action3",
        "action_flag": 3,
        "change_message": ""
    }
},
{
    "model": "admin.logentry",
    "pk": 265,
    "fields": {
        "action_time": "2017-01-30T02:15:32.863Z",
        "user": [
            "admin"
        ],
        "content_type": [
            "actions",
            "action"
        ],
        "object_id": "38",
        "object_repr": "Action2",
        "action_flag": 3,
        "change_message": ""
    }
},
{
    "model": "admin.logentry",
    "pk": 266,
    "fields": {
        "action_time": "2017-01-30T02:15:32.867Z",
        "user": [
            "admin"
        ],
        "content_type": [
            "actions",
            "action"
        ],
        "object_id": "37",
        "object_repr": "Action1",
        "action_flag": 3,
        "change_message": ""
    }
},
{
    "model": "admin.logentry",
    "pk": 267,
    "fields": {
        "action_time": "2017-01-30T02:15:32.870Z",
        "user": [
            "admin"
        ],
        "content_type": [
            "actions",
            "action"
        ],
        "object_id": "36",
        "object_repr": "Action0",
        "action_flag": 3,
        "change_message": ""
    }
},
{
    "model": "admin.logentry",
    "pk": 268,
    "fields": {
        "action_time": "2017-01-30T02:16:04.858Z",
        "user": [
            "admin"
        ],
        "content_type": [
            "location_plugin",
            "location"
        ],
        "object_id": "26",
        "object_repr": "Location of TEstMeNow",
        "action_flag": 3,
        "change_message": ""
    }
},
{
    "model": "admin.logentry",
    "pk": 269,
    "fields": {
        "action_time": "2017-01-30T02:16:11.570Z",
        "user": [
            "admin"
        ],
        "content_type": [
            "actions",
            "action"
        ],
        "object_id": "46",
        "object_repr": "TEstMeNow",
        "action_flag": 3,
        "change_message": ""
    }
}
]
